
-- Query to insert table FALL22_S001_6_Passenger --


INSERT INTO FALL22_S001_6_Passenger(P_id,Fname,Lname,DOB,Email,Zipcode,StreetAddress) VALUES(1,'Alan','Castillo',TO_DATE('1945/04/19','YYYY/MM/DD'),'castillo2871@mailandftp.com',73301,'797 Silent Common');
INSERT INTO FALL22_S001_6_Passenger(P_id,Fname,Lname,DOB,Email,Zipcode,StreetAddress) VALUES(2,'Lorrine','de With',TO_DATE('1988/04/17','YYYY/MM/DD'),'lorrine5533@mailandftp.com',73301,'163 Rocky Acres');
INSERT INTO FALL22_S001_6_Passenger(P_id,Fname,Lname,DOB,Email,Zipcode,StreetAddress) VALUES(3,'Joesph','Cooke',TO_DATE('1965/12/30','YYYY/MM/DD'),'cooke2044@imap-mail.com',73301,'96 Tawny Beacon Walk');
INSERT INTO FALL22_S001_6_Passenger(P_id,Fname,Lname,DOB,Email,Zipcode,StreetAddress) VALUES(4,'Felipa','Cole',TO_DATE('1996/09/25','YYYY/MM/DD'),'felipa6184@allmail.net',73301,'P.O. Box 44117');
INSERT INTO FALL22_S001_6_Passenger(P_id,Fname,Lname,DOB,Email,Zipcode,StreetAddress) VALUES(5,'Waldo','Strong',TO_DATE('1987/05/01','YYYY/MM/DD'),'waldo_strong2379@theinternetemail.com',73301,'137 Rocky Cliff Harbor');
INSERT INTO FALL22_S001_6_Passenger(P_id,Fname,Lname,DOB,Email,Zipcode,StreetAddress) VALUES(6,'Wilmer','Ulrich',TO_DATE('2003/10/25','YYYY/MM/DD'),'wilmer488@fastemail.us',73301,'34 Umber Quail Avenue');
INSERT INTO FALL22_S001_6_Passenger(P_id,Fname,Lname,DOB,Email,Zipcode,StreetAddress) VALUES(7,'Long','Blom',TO_DATE('1952/10/29','YYYY/MM/DD'),'long_blom1762@xsmail.com',75007,'321 Clear Way');
INSERT INTO FALL22_S001_6_Passenger(P_id,Fname,Lname,DOB,Email,Zipcode,StreetAddress) VALUES(8,'Celena','Johns',TO_DATE('1974/04/13','YYYY/MM/DD'),'celena2108@reallyfast.info',75009,'837 Foggy Bayoo');
INSERT INTO FALL22_S001_6_Passenger(P_id,Fname,Lname,DOB,Email,Zipcode,StreetAddress) VALUES(9,'Wendell','Mullins',TO_DATE('1944/11/25','YYYY/MM/DD'),'wendell_mullins3091@mailworks.org',75010,'597 Burning Berry Street');
INSERT INTO FALL22_S001_6_Passenger(P_id,Fname,Lname,DOB,Email,Zipcode,StreetAddress) VALUES(10,'Elliott','Harrell',TO_DATE('1944/09/28','YYYY/MM/DD'),'elliott1535@fastemailer.com',75011,'P.O. Box 90086');
INSERT INTO FALL22_S001_6_Passenger(P_id,Fname,Lname,DOB,Email,Zipcode,StreetAddress) VALUES(11,'Kirby','Cotton',TO_DATE('2000/08/30','YYYY/MM/DD'),'cotton257@ml1.net',75013,'P.O. Box 39576');
INSERT INTO FALL22_S001_6_Passenger(P_id,Fname,Lname,DOB,Email,Zipcode,StreetAddress) VALUES(12,'Jermaine','de Jager',TO_DATE('1970/04/20','YYYY/MM/DD'),'dejager4030@150ml.com',75014,'474 Spring Annex');
INSERT INTO FALL22_S001_6_Passenger(P_id,Fname,Lname,DOB,Email,Zipcode,StreetAddress) VALUES(13,'Avelina','Toorn',TO_DATE('1974/04/12','YYYY/MM/DD'),'avelina_toorn2890@proinbox.com',75015,'446 Prairie Isle');
INSERT INTO FALL22_S001_6_Passenger(P_id,Fname,Lname,DOB,Email,Zipcode,StreetAddress) VALUES(14,'Royce','Silva',TO_DATE('1978/12/11','YYYY/MM/DD'),'royce_silva8754@xsmail.com',75015,'634 Misty Course');
INSERT INTO FALL22_S001_6_Passenger(P_id,Fname,Lname,DOB,Email,Zipcode,StreetAddress) VALUES(15,'Hertha','David',TO_DATE('1974/04/01','YYYY/MM/DD'),'david2117@internet-mail.org',75015,'276 Richmond Manor');
INSERT INTO FALL22_S001_6_Passenger(P_id,Fname,Lname,DOB,Email,Zipcode,StreetAddress) VALUES(16,'Norman','Bridges',TO_DATE('1952/06/18','YYYY/MM/DD'),'norman_bridges4155@mailsent.net',75015,'949 Pleasant Plaza');
INSERT INTO FALL22_S001_6_Passenger(P_id,Fname,Lname,DOB,Email,Zipcode,StreetAddress) VALUES(17,'Earl','Stofberg',TO_DATE('1968/12/02','YYYY/MM/DD'),'earl_stofberg8381@mailhaven.com',75015,'549 Light Knoll');
INSERT INTO FALL22_S001_6_Passenger(P_id,Fname,Lname,DOB,Email,Zipcode,StreetAddress) VALUES(18,'Ed','Watt',TO_DATE('1962/08/24','YYYY/MM/DD'),'watt6731@fmguy.com',75015,'500 Little Willow');
INSERT INTO FALL22_S001_6_Passenger(P_id,Fname,Lname,DOB,Email,Zipcode,StreetAddress) VALUES(19,'Enid','Mooij',TO_DATE('1970/04/24','YYYY/MM/DD'),'enid317@hailmail.net',75022,'397 Umber Lagoon Shore');
INSERT INTO FALL22_S001_6_Passenger(P_id,Fname,Lname,DOB,Email,Zipcode,StreetAddress) VALUES(20,'Cleo','van Gendringen',TO_DATE('1997/04/01','YYYY/MM/DD'),'cleo_vangendringen2149@ownmail.net',75023,'318 SE Gateway');
INSERT INTO FALL22_S001_6_Passenger(P_id,Fname,Lname,DOB,Email,Zipcode,StreetAddress) VALUES(21,'Bobby','Harmon',TO_DATE('1974/04/04','YYYY/MM/DD'),'harmon9387@reallyfast.biz',75023,'852 Hazy Third');
INSERT INTO FALL22_S001_6_Passenger(P_id,Fname,Lname,DOB,Email,Zipcode,StreetAddress) VALUES(22,'Alyson','Elliott',TO_DATE('1988/08/25','YYYY/MM/DD'),'alyson_elliott7267@mailbolt.com',75023,'P.O. Box 39030');
INSERT INTO FALL22_S001_6_Passenger(P_id,Fname,Lname,DOB,Email,Zipcode,StreetAddress) VALUES(23,'Emanuel','Blevins',TO_DATE('1980/11/18','YYYY/MM/DD'),'emanuel4134@mailas.com',75023,'455 Dewy Lake');
INSERT INTO FALL22_S001_6_Passenger(P_id,Fname,Lname,DOB,Email,Zipcode,StreetAddress) VALUES(24,'Verla','Bosschaart',TO_DATE('1995/09/04','YYYY/MM/DD'),'verla7851@yahoo.com',75023,'429 Honey Blossom');
INSERT INTO FALL22_S001_6_Passenger(P_id,Fname,Lname,DOB,Email,Zipcode,StreetAddress) VALUES(25,'Juan','Hensley',TO_DATE('1992/12/19','YYYY/MM/DD'),'hensley2398@mailsent.net',75027,'24 Hidden Way');
INSERT INTO FALL22_S001_6_Passenger(P_id,Fname,Lname,DOB,Email,Zipcode,StreetAddress) VALUES(26,'Don','Mooney',TO_DATE('1959/12/27','YYYY/MM/DD'),'don5396@mailc.net',75028,'P.O. Box 57528');
INSERT INTO FALL22_S001_6_Passenger(P_id,Fname,Lname,DOB,Email,Zipcode,StreetAddress) VALUES(27,'Alverta','Cooke',TO_DATE('1966/07/24','YYYY/MM/DD'),'alverta_cooke951@ml1.net',75029,'151 Field Highway');
INSERT INTO FALL22_S001_6_Passenger(P_id,Fname,Lname,DOB,Email,Zipcode,StreetAddress) VALUES(28,'Chassidy','Marks',TO_DATE('1990/02/02','YYYY/MM/DD'),'marks4310@sent.com',75030,'745 Sunny Plain');
INSERT INTO FALL22_S001_6_Passenger(P_id,Fname,Lname,DOB,Email,Zipcode,StreetAddress) VALUES(29,'Hien','Thompson',TO_DATE('1960/05/13','YYYY/MM/DD'),'thompson3272@the-fastest.net',75032,'728 Timber Crossroad');
INSERT INTO FALL22_S001_6_Passenger(P_id,Fname,Lname,DOB,Email,Zipcode,StreetAddress) VALUES(30,'Anton','Herman',TO_DATE('1953/03/22','YYYY/MM/DD'),'anton_herman508@mailup.net',75033,'192 Spur Glade');
INSERT INTO FALL22_S001_6_Passenger(P_id,Fname,Lname,DOB,Email,Zipcode,StreetAddress) VALUES(31,'Meri','Carver',TO_DATE('1978/02/03','YYYY/MM/DD'),'carver4036@mailhaven.com',75034,'P.O. Box 46631');
INSERT INTO FALL22_S001_6_Passenger(P_id,Fname,Lname,DOB,Email,Zipcode,StreetAddress) VALUES(32,'Andy','Knight',TO_DATE('1957/03/30','YYYY/MM/DD'),'knight8520@letterboxes.org',75035,'182 Golden Rise');
INSERT INTO FALL22_S001_6_Passenger(P_id,Fname,Lname,DOB,Email,Zipcode,StreetAddress) VALUES(33,'Else','Amptman',TO_DATE('1948/09/07','YYYY/MM/DD'),'amptman6347@postinbox.com',75036,'884 Amber Bay');
INSERT INTO FALL22_S001_6_Passenger(P_id,Fname,Lname,DOB,Email,Zipcode,StreetAddress) VALUES(34,'Edison','de Borst',TO_DATE('1949/02/15','YYYY/MM/DD'),'edison7753@mailftp.com',75038,'302 Hidden View Bend');
INSERT INTO FALL22_S001_6_Passenger(P_id,Fname,Lname,DOB,Email,Zipcode,StreetAddress) VALUES(35,'Randell','Horne',TO_DATE('1963/02/22','YYYY/MM/DD'),'randell_horne5482@mailite.com',75039,'137 Harvest Camp');
INSERT INTO FALL22_S001_6_Passenger(P_id,Fname,Lname,DOB,Email,Zipcode,StreetAddress) VALUES(36,'Sammie','Sanford',TO_DATE('1985/10/22','YYYY/MM/DD'),'sanford610@cluemail.com',75040,'698 Mall Freeway');
INSERT INTO FALL22_S001_6_Passenger(P_id,Fname,Lname,DOB,Email,Zipcode,StreetAddress) VALUES(37,'Maudie','Gorter',TO_DATE('1996/12/17','YYYY/MM/DD'),'maudie_gorter3665@fastmessaging.com',75041,'752 Iron Sky');
INSERT INTO FALL22_S001_6_Passenger(P_id,Fname,Lname,DOB,Email,Zipcode,StreetAddress) VALUES(38,'Babara','van Riemsdijk',TO_DATE('1979/07/19','YYYY/MM/DD'),'babara3433@eml.cc',75042,'912 Round Canyon');
INSERT INTO FALL22_S001_6_Passenger(P_id,Fname,Lname,DOB,Email,Zipcode,StreetAddress) VALUES(39,'Santa','Morrow',TO_DATE('1950/01/24','YYYY/MM/DD'),'santa2910@yahoo.com',75043,'515 Dale Tunnel');
INSERT INTO FALL22_S001_6_Passenger(P_id,Fname,Lname,DOB,Email,Zipcode,StreetAddress) VALUES(40,'Joaquina','Goudkade',TO_DATE('1994/04/30','YYYY/MM/DD'),'joaquina2178@letterboxes.org',75044,'540 Kennedy Nook');
INSERT INTO FALL22_S001_6_Passenger(P_id,Fname,Lname,DOB,Email,Zipcode,StreetAddress) VALUES(41,'Lai','Benaerde',TO_DATE('1954/01/13','YYYY/MM/DD'),'benaerde7495@gmail.com',75045,'88 Lake Crossing');
INSERT INTO FALL22_S001_6_Passenger(P_id,Fname,Lname,DOB,Email,Zipcode,StreetAddress) VALUES(42,'Rubi','van Keulen',TO_DATE('1947/07/26','YYYY/MM/DD'),'vankeulen5482@mailmight.com',75045,'468 Willow Parade');
INSERT INTO FALL22_S001_6_Passenger(P_id,Fname,Lname,DOB,Email,Zipcode,StreetAddress) VALUES(43,'Clifton','Klarenbos',TO_DATE('1970/07/27','YYYY/MM/DD'),'clifton7232@mailite.com',75046,'771 NW Third Canyon');
INSERT INTO FALL22_S001_6_Passenger(P_id,Fname,Lname,DOB,Email,Zipcode,StreetAddress) VALUES(44,'Ira','Zimmerman',TO_DATE('1959/08/22','YYYY/MM/DD'),'zimmerman7202@h-mail.us',75047,'100 Easy Edge');
INSERT INTO FALL22_S001_6_Passenger(P_id,Fname,Lname,DOB,Email,Zipcode,StreetAddress) VALUES(45,'Chet','Casey',TO_DATE('1959/02/17','YYYY/MM/DD'),'casey5929@swift-mail.com',75048,'P.O. Box 18339');
INSERT INTO FALL22_S001_6_Passenger(P_id,Fname,Lname,DOB,Email,Zipcode,StreetAddress) VALUES(46,'Anibal','Roach',TO_DATE('1945/07/07','YYYY/MM/DD'),'anibal_roach3693@ml1.net',75049,'427 Bear Glen');
INSERT INTO FALL22_S001_6_Passenger(P_id,Fname,Lname,DOB,Email,Zipcode,StreetAddress) VALUES(47,'Shaun','Schroeder',TO_DATE('1966/03/19','YYYY/MM/DD'),'schroeder585@letterboxes.org',75050,'389 Cedar Zephyr');
INSERT INTO FALL22_S001_6_Passenger(P_id,Fname,Lname,DOB,Email,Zipcode,StreetAddress) VALUES(48,'Vance','Murphy',TO_DATE('2004/06/04','YYYY/MM/DD'),'vance_murphy9624@theinternetemail.com',75051,'872 Honey Grove Ridge');
INSERT INTO FALL22_S001_6_Passenger(P_id,Fname,Lname,DOB,Email,Zipcode,StreetAddress) VALUES(49,'Veola','Escobar',TO_DATE('1946/03/11','YYYY/MM/DD'),'veola_escobar812@eml.cc',75052,'115 Oak Gardens');
INSERT INTO FALL22_S001_6_Passenger(P_id,Fname,Lname,DOB,Email,Zipcode,StreetAddress) VALUES(50,'Moises','Frey',TO_DATE('1984/07/04','YYYY/MM/DD'),'moises_frey5669@gmail.com',75053,'902 Blossom Village');
INSERT INTO FALL22_S001_6_Passenger(P_id,Fname,Lname,DOB,Email,Zipcode,StreetAddress) VALUES(51,'Jay','Massey',TO_DATE('1963/10/19','YYYY/MM/DD'),'jay7592@ownmail.net',75054,'713 Old Plaza');
INSERT INTO FALL22_S001_6_Passenger(P_id,Fname,Lname,DOB,Email,Zipcode,StreetAddress) VALUES(52,'Freda','Morris',TO_DATE('1971/05/05','YYYY/MM/DD'),'morris9566@fmailbox.com',75056,'1 W Shore');
INSERT INTO FALL22_S001_6_Passenger(P_id,Fname,Lname,DOB,Email,Zipcode,StreetAddress) VALUES(53,'Rubi','Bramhall',TO_DATE('1992/01/26','YYYY/MM/DD'),'rubi5870@fmguy.com',75057,'91 Zephyr Landing');
INSERT INTO FALL22_S001_6_Passenger(P_id,Fname,Lname,DOB,Email,Zipcode,StreetAddress) VALUES(54,'Nicholas','Murray',TO_DATE('1987/10/23','YYYY/MM/DD'),'nicholas9517@yahoo.com',75058,'878 Iron Ford Pass');
INSERT INTO FALL22_S001_6_Passenger(P_id,Fname,Lname,DOB,Email,Zipcode,StreetAddress) VALUES(55,'Raleigh','Mclaughlin',TO_DATE('1958/10/13','YYYY/MM/DD'),'mclaughlin7624@mailhaven.com',75060,'901 Rustic Landing');
INSERT INTO FALL22_S001_6_Passenger(P_id,Fname,Lname,DOB,Email,Zipcode,StreetAddress) VALUES(56,'Herman','Schaefer',TO_DATE('1983/06/06','YYYY/MM/DD'),'schaefer6808@emailengine.org',75061,'527 Brook Pass');
INSERT INTO FALL22_S001_6_Passenger(P_id,Fname,Lname,DOB,Email,Zipcode,StreetAddress) VALUES(57,'Roseanna','Langer',TO_DATE('1985/04/03','YYYY/MM/DD'),'langer8388@fastmail.cn',75062,'605 SE Richmond');
INSERT INTO FALL22_S001_6_Passenger(P_id,Fname,Lname,DOB,Email,Zipcode,StreetAddress) VALUES(58,'Theo','Hardy',TO_DATE('1969/09/30','YYYY/MM/DD'),'theo_hardy6238@16mail.com',75063,'386 Lost Pony Beach');
INSERT INTO FALL22_S001_6_Passenger(P_id,Fname,Lname,DOB,Email,Zipcode,StreetAddress) VALUES(59,'Troy','van Ommeren',TO_DATE('1953/08/21','YYYY/MM/DD'),'vanommeren4863@veryspeedy.net',75065,'P.O. Box 19047');
INSERT INTO FALL22_S001_6_Passenger(P_id,Fname,Lname,DOB,Email,Zipcode,StreetAddress) VALUES(60,'Andrew','Hollander',TO_DATE('1999/01/24','YYYY/MM/DD'),'andrew5338@2-mail.com',75067,'482 Cedar Deer Orchard');
INSERT INTO FALL22_S001_6_Passenger(P_id,Fname,Lname,DOB,Email,Zipcode,StreetAddress) VALUES(61,'Kaylee','de Ridder',TO_DATE('1964/07/13','YYYY/MM/DD'),'deridder6688@mailnew.com',75068,'329 Gentle Elm');
INSERT INTO FALL22_S001_6_Passenger(P_id,Fname,Lname,DOB,Email,Zipcode,StreetAddress) VALUES(62,'Rupert','Anthonisz',TO_DATE('1960/03/04','YYYY/MM/DD'),'rupert_anthonisz8258@mailhaven.com',75069,'27 Pleasant Park Ledge');
INSERT INTO FALL22_S001_6_Passenger(P_id,Fname,Lname,DOB,Email,Zipcode,StreetAddress) VALUES(63,'Eboni','Stewart',TO_DATE('1994/03/14','YYYY/MM/DD'),'eboni9104@eml.cc',75069,'824 NE Falls');
INSERT INTO FALL22_S001_6_Passenger(P_id,Fname,Lname,DOB,Email,Zipcode,StreetAddress) VALUES(64,'Sharlene','Ewing',TO_DATE('1959/10/07','YYYY/MM/DD'),'ewing7416@gmx.comaol.com',75070,'618 Dewy Stravenue');
INSERT INTO FALL22_S001_6_Passenger(P_id,Fname,Lname,DOB,Email,Zipcode,StreetAddress) VALUES(65,'Malissa','Todd',TO_DATE('1946/11/11','YYYY/MM/DD'),'malissa_todd8693@fmguy.com',75071,'723 Harvest Branch');
INSERT INTO FALL22_S001_6_Passenger(P_id,Fname,Lname,DOB,Email,Zipcode,StreetAddress) VALUES(66,'Gwenda','Noel',TO_DATE('1987/06/25','YYYY/MM/DD'),'gwenda_noel7458@fastmail.in',75072,'951 Clear Park');
INSERT INTO FALL22_S001_6_Passenger(P_id,Fname,Lname,DOB,Email,Zipcode,StreetAddress) VALUES(67,'Ilda','Fleming',TO_DATE('1998/07/07','YYYY/MM/DD'),'ilda_fleming7987@reallyfast.info',75074,'500 SW View Arbor');
INSERT INTO FALL22_S001_6_Passenger(P_id,Fname,Lname,DOB,Email,Zipcode,StreetAddress) VALUES(68,'Zane','Bonilla',TO_DATE('1951/03/15','YYYY/MM/DD'),'zane9869@fastest.cc',75075,'681 Round Anchor');
INSERT INTO FALL22_S001_6_Passenger(P_id,Fname,Lname,DOB,Email,Zipcode,StreetAddress) VALUES(69,'Gudrun','Lang',TO_DATE('1978/11/26','YYYY/MM/DD'),'gudrun6188@emailgroups.net',75076,'909 Misty Spring');
INSERT INTO FALL22_S001_6_Passenger(P_id,Fname,Lname,DOB,Email,Zipcode,StreetAddress) VALUES(70,'Hung','Olson',TO_DATE('1959/05/13','YYYY/MM/DD'),'hung_olson514@internetemails.net',75077,'777 Burning Apple');
INSERT INTO FALL22_S001_6_Passenger(P_id,Fname,Lname,DOB,Email,Zipcode,StreetAddress) VALUES(71,'Henrietta','Kelfkens',TO_DATE('1960/11/25','YYYY/MM/DD'),'henrietta8973@ftml.net',75078,'415 Maple Lawn');
INSERT INTO FALL22_S001_6_Passenger(P_id,Fname,Lname,DOB,Email,Zipcode,StreetAddress) VALUES(72,'Terresa','van Boggelen',TO_DATE('1971/01/21','YYYY/MM/DD'),'terresa_vanboggelen745@speedymail.org',75080,'533 Red Lagoon');
INSERT INTO FALL22_S001_6_Passenger(P_id,Fname,Lname,DOB,Email,Zipcode,StreetAddress) VALUES(73,'Seth','Wood',TO_DATE('1953/08/09','YYYY/MM/DD'),'wood9067@mailite.com',75081,'184 Cinder Fillmore Pathway');
INSERT INTO FALL22_S001_6_Passenger(P_id,Fname,Lname,DOB,Email,Zipcode,StreetAddress) VALUES(74,'Kimiko','van Hees',TO_DATE('1979/11/03','YYYY/MM/DD'),'kimiko_vanhees324@the-quickest.com',75082,'88 Crescent Overpass');
INSERT INTO FALL22_S001_6_Passenger(P_id,Fname,Lname,DOB,Email,Zipcode,StreetAddress) VALUES(75,'Alec','van der Linden',TO_DATE('1996/08/15','YYYY/MM/DD'),'alec_vanderlinden7542@internetmailing.net',75083,'P.O. Box 48465');
INSERT INTO FALL22_S001_6_Passenger(P_id,Fname,Lname,DOB,Email,Zipcode,StreetAddress) VALUES(76,'Leland','Geers',TO_DATE('1996/11/16','YYYY/MM/DD'),'leland_geers5703@mailsent.net',75085,'256 High Wall');
INSERT INTO FALL22_S001_6_Passenger(P_id,Fname,Lname,DOB,Email,Zipcode,StreetAddress) VALUES(77,'Lilly','van Selm',TO_DATE('1947/10/07','YYYY/MM/DD'),'lilly_vanselm5487@mymacmail.com',75086,'P.O. Box 40421');
INSERT INTO FALL22_S001_6_Passenger(P_id,Fname,Lname,DOB,Email,Zipcode,StreetAddress) VALUES(78,'Hobert','Lin',TO_DATE('1956/05/01','YYYY/MM/DD'),'hobert6339@emailgroups.net',75087,'P.O. Box 95606');
INSERT INTO FALL22_S001_6_Passenger(P_id,Fname,Lname,DOB,Email,Zipcode,StreetAddress) VALUES(79,'Walton','Matse',TO_DATE('1985/04/22','YYYY/MM/DD'),'walton_matse7752@fastmail.us',75088,'P.O. Box 11650');
INSERT INTO FALL22_S001_6_Passenger(P_id,Fname,Lname,DOB,Email,Zipcode,StreetAddress) VALUES(80,'Luther','Lorentz',TO_DATE('1957/08/06','YYYY/MM/DD'),'luther_lorentz2905@h-mail.us',75089,'P.O. Box 23397');
INSERT INTO FALL22_S001_6_Passenger(P_id,Fname,Lname,DOB,Email,Zipcode,StreetAddress) VALUES(81,'Darwin','Heineke',TO_DATE('1991/05/31','YYYY/MM/DD'),'darwin_heineke6864@mailforce.net',75090,'253 Sleepy Panda');
INSERT INTO FALL22_S001_6_Passenger(P_id,Fname,Lname,DOB,Email,Zipcode,StreetAddress) VALUES(82,'Etsuko','Schapestalder',TO_DATE('1999/09/08','YYYY/MM/DD'),'etsuko2930@emailgroups.net',75091,'83 Shady Ramp');
INSERT INTO FALL22_S001_6_Passenger(P_id,Fname,Lname,DOB,Email,Zipcode,StreetAddress) VALUES(83,'Neil','van Cuylenburg',TO_DATE('1976/09/30','YYYY/MM/DD'),'vancuylenburg3171@150mail.com',75092,'893 Washington Hollow');
INSERT INTO FALL22_S001_6_Passenger(P_id,Fname,Lname,DOB,Email,Zipcode,StreetAddress) VALUES(84,'Erwin','van Dijk',TO_DATE('1977/07/26','YYYY/MM/DD'),'vandijk2676@fastmail.co.uk',75092,'265 Red Walk');
INSERT INTO FALL22_S001_6_Passenger(P_id,Fname,Lname,DOB,Email,Zipcode,StreetAddress) VALUES(85,'Mario','Walls',TO_DATE('1964/10/30','YYYY/MM/DD'),'mario537@mailftp.com',75093,'667 Peavey Canyon');
INSERT INTO FALL22_S001_6_Passenger(P_id,Fname,Lname,DOB,Email,Zipcode,StreetAddress) VALUES(86,'Felix','Kerkhof',TO_DATE('1962/12/21','YYYY/MM/DD'),'kerkhof4064@imap.cc',75094,'689 Harvest Overpass');
INSERT INTO FALL22_S001_6_Passenger(P_id,Fname,Lname,DOB,Email,Zipcode,StreetAddress) VALUES(87,'Sammie','Franks',TO_DATE('1988/09/20','YYYY/MM/DD'),'sammie_franks8989@fastem.com',75097,'519 Iron Farms');
INSERT INTO FALL22_S001_6_Passenger(P_id,Fname,Lname,DOB,Email,Zipcode,StreetAddress) VALUES(88,'Herb','Kaufman',TO_DATE('1967/08/14','YYYY/MM/DD'),'kaufman2591@mailc.net',75098,'P.O. Box 94821');
INSERT INTO FALL22_S001_6_Passenger(P_id,Fname,Lname,DOB,Email,Zipcode,StreetAddress) VALUES(89,'Arden','Amons',TO_DATE('1981/02/12','YYYY/MM/DD'),'arden3160@150mail.com',75099,'P.O. Box 54867');
INSERT INTO FALL22_S001_6_Passenger(P_id,Fname,Lname,DOB,Email,Zipcode,StreetAddress) VALUES(90,'Jermaine','Herder',TO_DATE('1976/10/03','YYYY/MM/DD'),'jermaine9661@nospammail.net',75101,'632 Iron Light Trail');
INSERT INTO FALL22_S001_6_Passenger(P_id,Fname,Lname,DOB,Email,Zipcode,StreetAddress) VALUES(91,'Halley','Galvan',TO_DATE('1981/01/01','YYYY/MM/DD'),'halley7481@reallyfast.info',75102,'9 Emerald Cove');
INSERT INTO FALL22_S001_6_Passenger(P_id,Fname,Lname,DOB,Email,Zipcode,StreetAddress) VALUES(92,'Brett','van Gemeren',TO_DATE('1966/04/01','YYYY/MM/DD'),'brett_vangemeren4687@realemail.net',75103,'998 Pleasant Horse Acres');
INSERT INTO FALL22_S001_6_Passenger(P_id,Fname,Lname,DOB,Email,Zipcode,StreetAddress) VALUES(93,'Ressie','Hodge',TO_DATE('1944/08/31','YYYY/MM/DD'),'hodge2790@4email.net',75104,'602 Cedar Arbor');
INSERT INTO FALL22_S001_6_Passenger(P_id,Fname,Lname,DOB,Email,Zipcode,StreetAddress) VALUES(94,'Lenny','Cunningham',TO_DATE('1959/07/04','YYYY/MM/DD'),'lenny_cunningham7942@mailmight.com',75105,'254 Zephyr Point');
INSERT INTO FALL22_S001_6_Passenger(P_id,Fname,Lname,DOB,Email,Zipcode,StreetAddress) VALUES(95,'Essie','Hoffman',TO_DATE('1996/07/05','YYYY/MM/DD'),'hoffman2074@nospammail.net',75106,'445 Park Cove');
INSERT INTO FALL22_S001_6_Passenger(P_id,Fname,Lname,DOB,Email,Zipcode,StreetAddress) VALUES(96,'Emmie','Berg',TO_DATE('1988/01/03','YYYY/MM/DD'),'berg2634@sent.com',75109,'587 Mission Lane');
INSERT INTO FALL22_S001_6_Passenger(P_id,Fname,Lname,DOB,Email,Zipcode,StreetAddress) VALUES(97,'Reginald','Livingston',TO_DATE('1993/02/22','YYYY/MM/DD'),'reginald8173@internet-e-mail.com',75110,'411 Pony Heights');
INSERT INTO FALL22_S001_6_Passenger(P_id,Fname,Lname,DOB,Email,Zipcode,StreetAddress) VALUES(98,'Rob','van Jolenbroek',TO_DATE('1998/11/10','YYYY/MM/DD'),'rob7328@petml.com',75114,'P.O. Box 27581');
INSERT INTO FALL22_S001_6_Passenger(P_id,Fname,Lname,DOB,Email,Zipcode,StreetAddress) VALUES(99,'Niesha','Zielschot',TO_DATE('1976/11/19','YYYY/MM/DD'),'niesha_zielschot492@emailcorner.net',75115,'P.O. Box 52434');
INSERT INTO FALL22_S001_6_Passenger(P_id,Fname,Lname,DOB,Email,Zipcode,StreetAddress) VALUES(100,'Carole','Dean',TO_DATE('1978/06/22','YYYY/MM/DD'),'carole5659@mm.st',75116,'P.O. Box 44462');
INSERT INTO FALL22_S001_6_Passenger(P_id,Fname,Lname,DOB,Email,Zipcode,StreetAddress) VALUES(101,'Bruce','Cortland',TO_DATE('1993/01/09','YYYY/MM/DD'),'cortland6634@speedymail.org',75117,'431 Sky Mews');
INSERT INTO FALL22_S001_6_Passenger(P_id,Fname,Lname,DOB,Email,Zipcode,StreetAddress) VALUES(102,'Kermit','Lindsey',TO_DATE('1997/09/15','YYYY/MM/DD'),'lindsey9649@theinternetemail.com',75118,'800 Round Haven');
INSERT INTO FALL22_S001_6_Passenger(P_id,Fname,Lname,DOB,Email,Zipcode,StreetAddress) VALUES(103,'Harvey','Davis',TO_DATE('1987/08/17','YYYY/MM/DD'),'davis9815@internetemails.net',75119,'808 Neck Road');
INSERT INTO FALL22_S001_6_Passenger(P_id,Fname,Lname,DOB,Email,Zipcode,StreetAddress) VALUES(104,'Hollie','Branch',TO_DATE('1960/04/09','YYYY/MM/DD'),'hollie8006@fmgirl.com',75120,'418 Golden Causeway');
INSERT INTO FALL22_S001_6_Passenger(P_id,Fname,Lname,DOB,Email,Zipcode,StreetAddress) VALUES(105,'Laurie','Weaver',TO_DATE('1965/11/13','YYYY/MM/DD'),'laurie_weaver1911@4email.net',75120,'298 Club Valley');
INSERT INTO FALL22_S001_6_Passenger(P_id,Fname,Lname,DOB,Email,Zipcode,StreetAddress) VALUES(106,'Keenan','Rivas',TO_DATE('1997/07/28','YYYY/MM/DD'),'keenan_rivas896@mailandftp.com',75121,'903 Middle Point');
INSERT INTO FALL22_S001_6_Passenger(P_id,Fname,Lname,DOB,Email,Zipcode,StreetAddress) VALUES(107,'Jessenia','Koks',TO_DATE('1976/12/23','YYYY/MM/DD'),'koks7361@internetmailing.net',75123,'237 Creek Landing');
INSERT INTO FALL22_S001_6_Passenger(P_id,Fname,Lname,DOB,Email,Zipcode,StreetAddress) VALUES(108,'Laurence','Griffin',TO_DATE('2001/05/21','YYYY/MM/DD'),'laurence_griffin1723@mailas.com',75124,'49 Sunny Sixth');
INSERT INTO FALL22_S001_6_Passenger(P_id,Fname,Lname,DOB,Email,Zipcode,StreetAddress) VALUES(109,'Kasey','Berendse',TO_DATE('1990/10/07','YYYY/MM/DD'),'berendse7241@internetmailing.net',75125,'629 Colonial Club');
INSERT INTO FALL22_S001_6_Passenger(P_id,Fname,Lname,DOB,Email,Zipcode,StreetAddress) VALUES(110,'Alberto','Booker',TO_DATE('1951/01/25','YYYY/MM/DD'),'booker1997@4email.net',75126,'486 Lazy Brook Landing');
INSERT INTO FALL22_S001_6_Passenger(P_id,Fname,Lname,DOB,Email,Zipcode,StreetAddress) VALUES(111,'Bryant','Stone',TO_DATE('1977/07/23','YYYY/MM/DD'),'bryant_stone1252@internet-e-mail.com',75127,'76 Clear Deer Mews');
INSERT INTO FALL22_S001_6_Passenger(P_id,Fname,Lname,DOB,Email,Zipcode,StreetAddress) VALUES(112,'Carson','Peters',TO_DATE('1950/02/22','YYYY/MM/DD'),'carson8126@hotmail.com',75132,'280 High Goose Port');
INSERT INTO FALL22_S001_6_Passenger(P_id,Fname,Lname,DOB,Email,Zipcode,StreetAddress) VALUES(113,'Aracelis','Wiertz',TO_DATE('1982/05/08','YYYY/MM/DD'),'aracelis9665@fastmail.cn',75134,'941 Quiet Path');
INSERT INTO FALL22_S001_6_Passenger(P_id,Fname,Lname,DOB,Email,Zipcode,StreetAddress) VALUES(114,'Scotty','Chang',TO_DATE('1944/12/09','YYYY/MM/DD'),'scotty_chang3160@elitemail.org',75135,'716 Burning Common');
INSERT INTO FALL22_S001_6_Passenger(P_id,Fname,Lname,DOB,Email,Zipcode,StreetAddress) VALUES(115,'Emory','Snuyff',TO_DATE('1954/07/28','YYYY/MM/DD'),'emory7076@elitemail.org',75137,'755 Red Ranch Nook');
INSERT INTO FALL22_S001_6_Passenger(P_id,Fname,Lname,DOB,Email,Zipcode,StreetAddress) VALUES(116,'Hedwig','Mcdaniel',TO_DATE('1988/09/16','YYYY/MM/DD'),'mcdaniel5055@promessage.com',75138,'127 Tawny End Tunnel');
INSERT INTO FALL22_S001_6_Passenger(P_id,Fname,Lname,DOB,Email,Zipcode,StreetAddress) VALUES(117,'Burma','Kramer',TO_DATE('1989/05/03','YYYY/MM/DD'),'burma9796@fastmail.net',75140,'P.O. Box 59278');
INSERT INTO FALL22_S001_6_Passenger(P_id,Fname,Lname,DOB,Email,Zipcode,StreetAddress) VALUES(118,'Almeda','Chaney',TO_DATE('1961/10/10','YYYY/MM/DD'),'almeda3871@your-mail.com',75140,'259 Neck Bay');
INSERT INTO FALL22_S001_6_Passenger(P_id,Fname,Lname,DOB,Email,Zipcode,StreetAddress) VALUES(119,'Georgette','Poelgeest',TO_DATE('2000/03/12','YYYY/MM/DD'),'georgette3351@jetemail.net',75140,'P.O. Box 12387');
INSERT INTO FALL22_S001_6_Passenger(P_id,Fname,Lname,DOB,Email,Zipcode,StreetAddress) VALUES(120,'Eduardo','Braun',TO_DATE('1977/05/14','YYYY/MM/DD'),'eduardo_braun5400@fmguy.com',75140,'P.O. Box 99252');
INSERT INTO FALL22_S001_6_Passenger(P_id,Fname,Lname,DOB,Email,Zipcode,StreetAddress) VALUES(121,'Ardella','Mcfarland',TO_DATE('1942/09/14','YYYY/MM/DD'),'ardella_mcfarland9126@fmail.co.uk',75140,'507 Misty Farms');
INSERT INTO FALL22_S001_6_Passenger(P_id,Fname,Lname,DOB,Email,Zipcode,StreetAddress) VALUES(122,'Elliott','Kaiser',TO_DATE('1953/10/26','YYYY/MM/DD'),'kaiser9233@mymacmail.com',75140,'932 Golden Jetty');
INSERT INTO FALL22_S001_6_Passenger(P_id,Fname,Lname,DOB,Email,Zipcode,StreetAddress) VALUES(123,'Eduardo','Wood',TO_DATE('1979/02/11','YYYY/MM/DD'),'wood1757@internetmailing.net',75140,'P.O. Box 23488');
INSERT INTO FALL22_S001_6_Passenger(P_id,Fname,Lname,DOB,Email,Zipcode,StreetAddress) VALUES(124,'Krysta','Hasselman',TO_DATE('1994/04/23','YYYY/MM/DD'),'krysta4324@myfastmail.com',75140,'756 Ranch Woods');
INSERT INTO FALL22_S001_6_Passenger(P_id,Fname,Lname,DOB,Email,Zipcode,StreetAddress) VALUES(125,'Wilber','Hemen',TO_DATE('1955/12/20','YYYY/MM/DD'),'wilber_hemen8653@fmailbox.com',75140,'566 Pleasant Cove');
INSERT INTO FALL22_S001_6_Passenger(P_id,Fname,Lname,DOB,Email,Zipcode,StreetAddress) VALUES(126,'Jorge','Michael',TO_DATE('1945/07/02','YYYY/MM/DD'),'michael5087@fmailbox.com',75140,'447 Broad Stream Heights');
INSERT INTO FALL22_S001_6_Passenger(P_id,Fname,Lname,DOB,Email,Zipcode,StreetAddress) VALUES(127,'Jan','de Ruiter',TO_DATE('1948/03/12','YYYY/MM/DD'),'jan_deruiter6967@fastmail.co.uk',75140,'230 Lost Forge');
INSERT INTO FALL22_S001_6_Passenger(P_id,Fname,Lname,DOB,Email,Zipcode,StreetAddress) VALUES(128,'Lawrence','Ruloffs',TO_DATE('1995/08/23','YYYY/MM/DD'),'ruloffs2021@rushpost.com',75140,'P.O. Box 26907');
INSERT INTO FALL22_S001_6_Passenger(P_id,Fname,Lname,DOB,Email,Zipcode,StreetAddress) VALUES(129,'Lashawn','Fuentes',TO_DATE('1992/07/23','YYYY/MM/DD'),'lashawn_fuentes5466@fast-mail.org',75140,'112 Branch Pike');
INSERT INTO FALL22_S001_6_Passenger(P_id,Fname,Lname,DOB,Email,Zipcode,StreetAddress) VALUES(130,'Valeria','Ali',TO_DATE('1950/11/29','YYYY/MM/DD'),'valeria_ali9666@reallyfast.biz',75140,'800 Mission Alley');
INSERT INTO FALL22_S001_6_Passenger(P_id,Fname,Lname,DOB,Email,Zipcode,StreetAddress) VALUES(131,'Lucius','Harmon',TO_DATE('1959/04/30','YYYY/MM/DD'),'lucius_harmon6390@fmailbox.com',75140,'213 Quiet Bridge');
INSERT INTO FALL22_S001_6_Passenger(P_id,Fname,Lname,DOB,Email,Zipcode,StreetAddress) VALUES(132,'Byron','Vinck',TO_DATE('1955/12/04','YYYY/MM/DD'),'vinck8262@swift-mail.com',75140,'638 Round Panda Ridge');
INSERT INTO FALL22_S001_6_Passenger(P_id,Fname,Lname,DOB,Email,Zipcode,StreetAddress) VALUES(133,'Quinn','van Beusekom',TO_DATE('1986/12/23','YYYY/MM/DD'),'quinn_vanbeusekom9151@f-m.fm',75140,'545 NE Shore');
INSERT INTO FALL22_S001_6_Passenger(P_id,Fname,Lname,DOB,Email,Zipcode,StreetAddress) VALUES(134,'Lee','Mcgowan',TO_DATE('2003/11/07','YYYY/MM/DD'),'lee_mcgowan3668@sent.at',75140,'18 Dusty Mall Glade');
INSERT INTO FALL22_S001_6_Passenger(P_id,Fname,Lname,DOB,Email,Zipcode,StreetAddress) VALUES(135,'Sandi','Delaney',TO_DATE('1968/06/15','YYYY/MM/DD'),'sandi3261@warpmail.net',75140,'552 Quaking Vista');
INSERT INTO FALL22_S001_6_Passenger(P_id,Fname,Lname,DOB,Email,Zipcode,StreetAddress) VALUES(136,'Sanda','Jaspers',TO_DATE('1997/08/22','YYYY/MM/DD'),'sanda410@proinbox.com',75140,'P.O. Box 26288');
INSERT INTO FALL22_S001_6_Passenger(P_id,Fname,Lname,DOB,Email,Zipcode,StreetAddress) VALUES(137,'Israel','Witt',TO_DATE('1954/11/07','YYYY/MM/DD'),'israel6310@yepmail.net',75140,'P.O. Box 34389');
INSERT INTO FALL22_S001_6_Passenger(P_id,Fname,Lname,DOB,Email,Zipcode,StreetAddress) VALUES(138,'Kasey','van Beusekom',TO_DATE('1949/05/12','YYYY/MM/DD'),'kasey_vanbeusekom7367@fastmail.jp',75140,'733 Emerald Creek Bay');
INSERT INTO FALL22_S001_6_Passenger(P_id,Fname,Lname,DOB,Email,Zipcode,StreetAddress) VALUES(139,'Alphonso','van der Veur',TO_DATE('1953/11/22','YYYY/MM/DD'),'alphonso9490@mailftp.com',75140,'524 Prairie Walk');
INSERT INTO FALL22_S001_6_Passenger(P_id,Fname,Lname,DOB,Email,Zipcode,StreetAddress) VALUES(140,'Tamekia','Payne',TO_DATE('2004/06/10','YYYY/MM/DD'),'tamekia_payne2655@fastmail.com.au',75140,'698 Iron Branch');
INSERT INTO FALL22_S001_6_Passenger(P_id,Fname,Lname,DOB,Email,Zipcode,StreetAddress) VALUES(141,'Isaac','Sexton',TO_DATE('2000/02/03','YYYY/MM/DD'),'isaac_sexton966@ownmail.net',75140,'415 Merry Gardens');
INSERT INTO FALL22_S001_6_Passenger(P_id,Fname,Lname,DOB,Email,Zipcode,StreetAddress) VALUES(142,'Man','Kam',TO_DATE('1989/11/15','YYYY/MM/DD'),'man1694@fastmail.us',75140,'P.O. Box 99169');
INSERT INTO FALL22_S001_6_Passenger(P_id,Fname,Lname,DOB,Email,Zipcode,StreetAddress) VALUES(143,'Bret','Woodward',TO_DATE('1973/06/11','YYYY/MM/DD'),'bret_woodward7811@swift-mail.com',75140,'P.O. Box 34208');
INSERT INTO FALL22_S001_6_Passenger(P_id,Fname,Lname,DOB,Email,Zipcode,StreetAddress) VALUES(144,'Nelida','Klapmuts',TO_DATE('1968/05/26','YYYY/MM/DD'),'klapmuts5004@justemail.net',75140,'875 Smith Landing');
INSERT INTO FALL22_S001_6_Passenger(P_id,Fname,Lname,DOB,Email,Zipcode,StreetAddress) VALUES(145,'Bennie','Lambert',TO_DATE('1985/11/13','YYYY/MM/DD'),'bennie51@mailsent.net',75140,'219 Cinder Berry Fair');
INSERT INTO FALL22_S001_6_Passenger(P_id,Fname,Lname,DOB,Email,Zipcode,StreetAddress) VALUES(146,'Cori','Woodward',TO_DATE('1963/09/02','YYYY/MM/DD'),'cori2888@swift-mail.com',75134,'602 Main Bay');
INSERT INTO FALL22_S001_6_Passenger(P_id,Fname,Lname,DOB,Email,Zipcode,StreetAddress) VALUES(147,'Benjamin','Wells',TO_DATE('1955/07/06','YYYY/MM/DD'),'wells347@promessage.com',75134,'P.O. Box 21566');
INSERT INTO FALL22_S001_6_Passenger(P_id,Fname,Lname,DOB,Email,Zipcode,StreetAddress) VALUES(148,'Renata','Vandersmissen',TO_DATE('1956/07/05','YYYY/MM/DD'),'vandersmissen3566@mailas.com',75134,'690 Sunny Island Vista');
INSERT INTO FALL22_S001_6_Passenger(P_id,Fname,Lname,DOB,Email,Zipcode,StreetAddress) VALUES(149,'Corey','Wang',TO_DATE('1942/08/03','YYYY/MM/DD'),'wang906@mailworks.org',75134,'23 S Log Bank');
INSERT INTO FALL22_S001_6_Passenger(P_id,Fname,Lname,DOB,Email,Zipcode,StreetAddress) VALUES(150,'Tressie','Kent',TO_DATE('1981/03/17','YYYY/MM/DD'),'tressie_kent333@imap-mail.com',75134,'167 Iron Goose Ledge');
INSERT INTO FALL22_S001_6_Passenger(P_id,Fname,Lname,DOB,Email,Zipcode,StreetAddress) VALUES(151,'Chante','van Winzum',TO_DATE('1971/03/28','YYYY/MM/DD'),'chante3709@mailc.net',75134,'P.O. Box 32300');
INSERT INTO FALL22_S001_6_Passenger(P_id,Fname,Lname,DOB,Email,Zipcode,StreetAddress) VALUES(152,'Grace','Arellano',TO_DATE('1962/05/09','YYYY/MM/DD'),'grace999@mailftp.com',75134,'973 Golden Lake');
INSERT INTO FALL22_S001_6_Passenger(P_id,Fname,Lname,DOB,Email,Zipcode,StreetAddress) VALUES(153,'Scot','Cotton',TO_DATE('1998/02/04','YYYY/MM/DD'),'scot_cotton4492@petml.com',75134,'455 Pleasant Stead');
INSERT INTO FALL22_S001_6_Passenger(P_id,Fname,Lname,DOB,Email,Zipcode,StreetAddress) VALUES(154,'Chet','van der Zaan',TO_DATE('1959/08/12','YYYY/MM/DD'),'chet3716@fastimap.com',75134,'731 Cozy Ford');
INSERT INTO FALL22_S001_6_Passenger(P_id,Fname,Lname,DOB,Email,Zipcode,StreetAddress) VALUES(155,'Darell','Hunt',TO_DATE('1996/10/23','YYYY/MM/DD'),'hunt3667@internet-mail.org',75134,'519 River Cove');
INSERT INTO FALL22_S001_6_Passenger(P_id,Fname,Lname,DOB,Email,Zipcode,StreetAddress) VALUES(156,'Jarred','Blom',TO_DATE('1952/02/25','YYYY/MM/DD'),'jarred5525@nospammail.net',75134,'366 Quaking Apple Route');
INSERT INTO FALL22_S001_6_Passenger(P_id,Fname,Lname,DOB,Email,Zipcode,StreetAddress) VALUES(157,'Calvin','Bright',TO_DATE('1978/05/24','YYYY/MM/DD'),'calvin1485@veryspeedy.net',75134,'932 NW Rapid');
INSERT INTO FALL22_S001_6_Passenger(P_id,Fname,Lname,DOB,Email,Zipcode,StreetAddress) VALUES(158,'Renea','Eaton',TO_DATE('1948/01/14','YYYY/MM/DD'),'eaton5919@mailc.net',75134,'737 Dusty Overpass');
INSERT INTO FALL22_S001_6_Passenger(P_id,Fname,Lname,DOB,Email,Zipcode,StreetAddress) VALUES(159,'Milford','Tyson',TO_DATE('1965/11/05','YYYY/MM/DD'),'milford2599@sent.com',75134,'66 Hazy Ninth');
INSERT INTO FALL22_S001_6_Passenger(P_id,Fname,Lname,DOB,Email,Zipcode,StreetAddress) VALUES(160,'Lanny','Rogers',TO_DATE('1961/01/21','YYYY/MM/DD'),'lanny9688@123mail.org',75134,'P.O. Box 23470');
INSERT INTO FALL22_S001_6_Passenger(P_id,Fname,Lname,DOB,Email,Zipcode,StreetAddress) VALUES(161,'Toney','van Tol',TO_DATE('1997/11/27','YYYY/MM/DD'),'toney2915@justemail.net',75134,'433 Iron Pond Trace');
INSERT INTO FALL22_S001_6_Passenger(P_id,Fname,Lname,DOB,Email,Zipcode,StreetAddress) VALUES(162,'Stephani','Conrad',TO_DATE('1953/01/27','YYYY/MM/DD'),'stephani_conrad2850@letterboxes.org',75134,'322 Easy Mill');
INSERT INTO FALL22_S001_6_Passenger(P_id,Fname,Lname,DOB,Email,Zipcode,StreetAddress) VALUES(163,'Emmett','Ulrich',TO_DATE('2004/07/10','YYYY/MM/DD'),'ulrich2227@jetemail.net',75134,'141 Burning Trail');
INSERT INTO FALL22_S001_6_Passenger(P_id,Fname,Lname,DOB,Email,Zipcode,StreetAddress) VALUES(164,'Eulah','van Stockum',TO_DATE('1986/04/12','YYYY/MM/DD'),'eulah_vanstockum4954@mail-page.com',75134,'519 S Place');
INSERT INTO FALL22_S001_6_Passenger(P_id,Fname,Lname,DOB,Email,Zipcode,StreetAddress) VALUES(165,'Dwain','Geers',TO_DATE('1943/07/08','YYYY/MM/DD'),'dwain5997@mailservice.ms',75134,'831 Heather Path');
INSERT INTO FALL22_S001_6_Passenger(P_id,Fname,Lname,DOB,Email,Zipcode,StreetAddress) VALUES(166,'Titus','Cole',TO_DATE('1986/06/22','YYYY/MM/DD'),'cole7357@eml.cc',75134,'785 Quaking Glade');
INSERT INTO FALL22_S001_6_Passenger(P_id,Fname,Lname,DOB,Email,Zipcode,StreetAddress) VALUES(167,'Terrell','Daniels',TO_DATE('1995/03/15','YYYY/MM/DD'),'terrell_daniels5661@mailas.com',75134,'854 Brook Stead');
INSERT INTO FALL22_S001_6_Passenger(P_id,Fname,Lname,DOB,Email,Zipcode,StreetAddress) VALUES(168,'Flavia','Francis',TO_DATE('1969/07/14','YYYY/MM/DD'),'flavia9778@mailite.com',75134,'759 Easy Park Crest');
INSERT INTO FALL22_S001_6_Passenger(P_id,Fname,Lname,DOB,Email,Zipcode,StreetAddress) VALUES(169,'Jamal','Dasilva',TO_DATE('2003/01/25','YYYY/MM/DD'),'jamal_dasilva1341@reallyfast.info',75134,'608 Quiet Viaduct');
INSERT INTO FALL22_S001_6_Passenger(P_id,Fname,Lname,DOB,Email,Zipcode,StreetAddress) VALUES(170,'Pattie','Pate',TO_DATE('2003/10/22','YYYY/MM/DD'),'pate6016@mail-central.com',75134,'582 Quiet Rest');
INSERT INTO FALL22_S001_6_Passenger(P_id,Fname,Lname,DOB,Email,Zipcode,StreetAddress) VALUES(171,'Librada','Martin',TO_DATE('1978/09/12','YYYY/MM/DD'),'librada_martin8859@theinternetemail.com',75134,'473 Pioneer Key');
INSERT INTO FALL22_S001_6_Passenger(P_id,Fname,Lname,DOB,Email,Zipcode,StreetAddress) VALUES(172,'Virgil','Ewing',TO_DATE('2003/02/04','YYYY/MM/DD'),'ewing200@nospammail.net',75134,'653 Dusty Ranch');
INSERT INTO FALL22_S001_6_Passenger(P_id,Fname,Lname,DOB,Email,Zipcode,StreetAddress) VALUES(173,'Lynwood','Barney',TO_DATE('1967/11/25','YYYY/MM/DD'),'lynwood978@fastmail.cn',75134,'337 Quiet Rise Trafficway');
INSERT INTO FALL22_S001_6_Passenger(P_id,Fname,Lname,DOB,Email,Zipcode,StreetAddress) VALUES(174,'Monique','Serrano',TO_DATE('1952/10/02','YYYY/MM/DD'),'serrano3610@mailnew.com',76010,'745 Jagged Second Gardens');
INSERT INTO FALL22_S001_6_Passenger(P_id,Fname,Lname,DOB,Email,Zipcode,StreetAddress) VALUES(175,'Romeo','Dean',TO_DATE('1976/10/15','YYYY/MM/DD'),'dean5921@fastmail.co.uk',76010,'P.O. Box 31173');
INSERT INTO FALL22_S001_6_Passenger(P_id,Fname,Lname,DOB,Email,Zipcode,StreetAddress) VALUES(176,'Jocelyn','Vedder',TO_DATE('1964/05/12','YYYY/MM/DD'),'jocelyn4228@speedymail.org',76010,'101 Golden Second Path');
INSERT INTO FALL22_S001_6_Passenger(P_id,Fname,Lname,DOB,Email,Zipcode,StreetAddress) VALUES(177,'Perry','van Hoften',TO_DATE('1944/10/13','YYYY/MM/DD'),'vanhoften4683@mailhaven.com',76010,'P.O. Box 43562');
INSERT INTO FALL22_S001_6_Passenger(P_id,Fname,Lname,DOB,Email,Zipcode,StreetAddress) VALUES(178,'Joane','Barten',TO_DATE('1974/02/03','YYYY/MM/DD'),'joane2367@mailnew.com',76010,'985 Clear Ford Edge');
INSERT INTO FALL22_S001_6_Passenger(P_id,Fname,Lname,DOB,Email,Zipcode,StreetAddress) VALUES(179,'Ken','Otterspoor',TO_DATE('1971/03/12','YYYY/MM/DD'),'ken_otterspoor734@mail-page.com',76010,'354 Thunder Seventh Haven');
INSERT INTO FALL22_S001_6_Passenger(P_id,Fname,Lname,DOB,Email,Zipcode,StreetAddress) VALUES(180,'Coleman','van der Greff',TO_DATE('1963/11/20','YYYY/MM/DD'),'coleman8569@xsmail.com',76010,'703 Emerald Cider Crossing');
INSERT INTO FALL22_S001_6_Passenger(P_id,Fname,Lname,DOB,Email,Zipcode,StreetAddress) VALUES(181,'Eusebia','Mcneil',TO_DATE('1994/03/21','YYYY/MM/DD'),'eusebia502@f-m.fm',76010,'552 Green Sky Pass');
INSERT INTO FALL22_S001_6_Passenger(P_id,Fname,Lname,DOB,Email,Zipcode,StreetAddress) VALUES(182,'Kenya','Uijttenbogaard',TO_DATE('1988/01/04','YYYY/MM/DD'),'kenya3329@fastmail.co.uk',76010,'903 Middle Terrace');
INSERT INTO FALL22_S001_6_Passenger(P_id,Fname,Lname,DOB,Email,Zipcode,StreetAddress) VALUES(183,'Geneva','Simon',TO_DATE('1986/11/12','YYYY/MM/DD'),'geneva_simon517@allmail.net',76010,'36 Pleasant Parade');
INSERT INTO FALL22_S001_6_Passenger(P_id,Fname,Lname,DOB,Email,Zipcode,StreetAddress) VALUES(184,'Mitchel','Dixon',TO_DATE('1954/08/20','YYYY/MM/DD'),'mitchel_dixon5260@emailengine.org',76010,'318 Lost Forge');
INSERT INTO FALL22_S001_6_Passenger(P_id,Fname,Lname,DOB,Email,Zipcode,StreetAddress) VALUES(185,'Tania','Evans',TO_DATE('1948/06/12','YYYY/MM/DD'),'evans1280@petml.com',76010,'615 Tawny Fork Knoll');
INSERT INTO FALL22_S001_6_Passenger(P_id,Fname,Lname,DOB,Email,Zipcode,StreetAddress) VALUES(186,'Barrett','Henderson',TO_DATE('1960/01/02','YYYY/MM/DD'),'barrett6440@ml1.net',76010,'947 Cedar Prairie');
INSERT INTO FALL22_S001_6_Passenger(P_id,Fname,Lname,DOB,Email,Zipcode,StreetAddress) VALUES(187,'Kathe','Mcdaniel',TO_DATE('1986/12/08','YYYY/MM/DD'),'kathe_mcdaniel8717@internet-mail.org',76010,'500 Harvest Knoll');
INSERT INTO FALL22_S001_6_Passenger(P_id,Fname,Lname,DOB,Email,Zipcode,StreetAddress) VALUES(188,'Felton','Harrell',TO_DATE('1946/01/18','YYYY/MM/DD'),'harrell9364@xsmail.com',76010,'594 Quaking Squaw');
INSERT INTO FALL22_S001_6_Passenger(P_id,Fname,Lname,DOB,Email,Zipcode,StreetAddress) VALUES(189,'Gino','Russo',TO_DATE('1990/01/02','YYYY/MM/DD'),'russo3271@jetemail.net',76010,'200 Tawny Lake Valley');
INSERT INTO FALL22_S001_6_Passenger(P_id,Fname,Lname,DOB,Email,Zipcode,StreetAddress) VALUES(190,'Alpha','Herring',TO_DATE('1976/08/08','YYYY/MM/DD'),'alpha_herring5526@fastem.com',76010,'569 Clear Barn');
INSERT INTO FALL22_S001_6_Passenger(P_id,Fname,Lname,DOB,Email,Zipcode,StreetAddress) VALUES(191,'Forrest','Mccarty',TO_DATE('1958/02/19','YYYY/MM/DD'),'mccarty9373@xsmail.com',76010,'P.O. Box 47870');
INSERT INTO FALL22_S001_6_Passenger(P_id,Fname,Lname,DOB,Email,Zipcode,StreetAddress) VALUES(192,'Kermit','van der Ham',TO_DATE('1956/09/14','YYYY/MM/DD'),'vanderham842@emailgroups.net',76010,'175 Harvest Eighth');
INSERT INTO FALL22_S001_6_Passenger(P_id,Fname,Lname,DOB,Email,Zipcode,StreetAddress) VALUES(193,'Kenny','van der Meijden',TO_DATE('1955/01/12','YYYY/MM/DD'),'kenny6070@imapmail.org',76010,'496 Oak Motorway');
INSERT INTO FALL22_S001_6_Passenger(P_id,Fname,Lname,DOB,Email,Zipcode,StreetAddress) VALUES(194,'Shannan','Parks',TO_DATE('1972/08/09','YYYY/MM/DD'),'parks531@mailftp.com',76010,'P.O. Box 30430');
INSERT INTO FALL22_S001_6_Passenger(P_id,Fname,Lname,DOB,Email,Zipcode,StreetAddress) VALUES(195,'Angie','Mcneil',TO_DATE('1964/01/02','YYYY/MM/DD'),'angie_mcneil6544@mailhaven.com',76010,'208 Gate Land');
INSERT INTO FALL22_S001_6_Passenger(P_id,Fname,Lname,DOB,Email,Zipcode,StreetAddress) VALUES(196,'Genny','van Westreenen',TO_DATE('1981/02/18','YYYY/MM/DD'),'genny3388@fastemailer.com',76010,'531 Pine Terrace');
INSERT INTO FALL22_S001_6_Passenger(P_id,Fname,Lname,DOB,Email,Zipcode,StreetAddress) VALUES(197,'Marg','Heijn',TO_DATE('1983/09/23','YYYY/MM/DD'),'marg4835@the-quickest.com',76010,'966 Lost Jetty');
INSERT INTO FALL22_S001_6_Passenger(P_id,Fname,Lname,DOB,Email,Zipcode,StreetAddress) VALUES(198,'Jamey','Graves',TO_DATE('1962/11/16','YYYY/MM/DD'),'jamey_graves2380@ssl-mail.com',76010,'679 Center Union');
INSERT INTO FALL22_S001_6_Passenger(P_id,Fname,Lname,DOB,Email,Zipcode,StreetAddress) VALUES(199,'Horace','Johnston',TO_DATE('1989/10/27','YYYY/MM/DD'),'johnston9372@the-quickest.com',76010,'193 Hill Parade');
INSERT INTO FALL22_S001_6_Passenger(P_id,Fname,Lname,DOB,Email,Zipcode,StreetAddress) VALUES(200,'Pamula','Alford',TO_DATE('1973/04/02','YYYY/MM/DD'),'pamula5749@hailmail.net',76010,'34 E End');


-- Query to insert into table Fall22_S001_6_PassengerContacts --


INSERT INTO Fall22_S001_6_PassengerContacts(P_id,Contactnumber) VALUES (1,'787-192-0221');
INSERT INTO Fall22_S001_6_PassengerContacts(P_id,Contactnumber) VALUES (2,'360-480-6331');
INSERT INTO Fall22_S001_6_PassengerContacts(P_id,Contactnumber) VALUES (3,'928-107-7833');
INSERT INTO Fall22_S001_6_PassengerContacts(P_id,Contactnumber) VALUES (4,'437-725-6382');
INSERT INTO Fall22_S001_6_PassengerContacts(P_id,Contactnumber) VALUES (5,'474-664-8562');
INSERT INTO Fall22_S001_6_PassengerContacts(P_id,Contactnumber) VALUES (6,'825-111-7909');
INSERT INTO Fall22_S001_6_PassengerContacts(P_id,Contactnumber) VALUES (7,'553-871-2380');
INSERT INTO Fall22_S001_6_PassengerContacts(P_id,Contactnumber) VALUES (8,'828-180-5770');
INSERT INTO Fall22_S001_6_PassengerContacts(P_id,Contactnumber) VALUES (9,'249-372-7582');
INSERT INTO Fall22_S001_6_PassengerContacts(P_id,Contactnumber) VALUES (10,'884-934-1468');
INSERT INTO Fall22_S001_6_PassengerContacts(P_id,Contactnumber) VALUES (11,'210-458-8630');
INSERT INTO Fall22_S001_6_PassengerContacts(P_id,Contactnumber) VALUES (12,'243-410-6344');
INSERT INTO Fall22_S001_6_PassengerContacts(P_id,Contactnumber) VALUES (13,'659-903-6986');
INSERT INTO Fall22_S001_6_PassengerContacts(P_id,Contactnumber) VALUES (14,'857-045-0651');
INSERT INTO Fall22_S001_6_PassengerContacts(P_id,Contactnumber) VALUES (15,'839-406-3947');
INSERT INTO Fall22_S001_6_PassengerContacts(P_id,Contactnumber) VALUES (16,'914-514-5924');
INSERT INTO Fall22_S001_6_PassengerContacts(P_id,Contactnumber) VALUES (17,'231-699-2965');
INSERT INTO Fall22_S001_6_PassengerContacts(P_id,Contactnumber) VALUES (18,'546-394-7372');
INSERT INTO Fall22_S001_6_PassengerContacts(P_id,Contactnumber) VALUES (19,'570-892-9582');
INSERT INTO Fall22_S001_6_PassengerContacts(P_id,Contactnumber) VALUES (20,'571-513-8375');
INSERT INTO Fall22_S001_6_PassengerContacts(P_id,Contactnumber) VALUES (21,'575-731-7524');
INSERT INTO Fall22_S001_6_PassengerContacts(P_id,Contactnumber) VALUES (22,'431-469-4025');
INSERT INTO Fall22_S001_6_PassengerContacts(P_id,Contactnumber) VALUES (23,'578-959-4145');
INSERT INTO Fall22_S001_6_PassengerContacts(P_id,Contactnumber) VALUES (24,'864-532-0760');
INSERT INTO Fall22_S001_6_PassengerContacts(P_id,Contactnumber) VALUES (25,'531-888-6657');
INSERT INTO Fall22_S001_6_PassengerContacts(P_id,Contactnumber) VALUES (26,'470-235-1625');
INSERT INTO Fall22_S001_6_PassengerContacts(P_id,Contactnumber) VALUES (27,'470-130-3181');
INSERT INTO Fall22_S001_6_PassengerContacts(P_id,Contactnumber) VALUES (28,'975-230-5061');
INSERT INTO Fall22_S001_6_PassengerContacts(P_id,Contactnumber) VALUES (29,'820-884-5243');
INSERT INTO Fall22_S001_6_PassengerContacts(P_id,Contactnumber) VALUES (30,'471-844-5979');
INSERT INTO Fall22_S001_6_PassengerContacts(P_id,Contactnumber) VALUES (31,'336-449-8742');
INSERT INTO Fall22_S001_6_PassengerContacts(P_id,Contactnumber) VALUES (32,'272-611-6819');
INSERT INTO Fall22_S001_6_PassengerContacts(P_id,Contactnumber) VALUES (33,'354-824-9278');
INSERT INTO Fall22_S001_6_PassengerContacts(P_id,Contactnumber) VALUES (34,'808-506-7942');
INSERT INTO Fall22_S001_6_PassengerContacts(P_id,Contactnumber) VALUES (35,'817-063-1472');
INSERT INTO Fall22_S001_6_PassengerContacts(P_id,Contactnumber) VALUES (36,'815-254-7697');
INSERT INTO Fall22_S001_6_PassengerContacts(P_id,Contactnumber) VALUES (37,'820-668-7112');
INSERT INTO Fall22_S001_6_PassengerContacts(P_id,Contactnumber) VALUES (38,'872-302-7035');
INSERT INTO Fall22_S001_6_PassengerContacts(P_id,Contactnumber) VALUES (39,'601-535-4780');
INSERT INTO Fall22_S001_6_PassengerContacts(P_id,Contactnumber) VALUES (40,'672-365-8453');
INSERT INTO Fall22_S001_6_PassengerContacts(P_id,Contactnumber) VALUES (41,'568-811-7514');
INSERT INTO Fall22_S001_6_PassengerContacts(P_id,Contactnumber) VALUES (42,'825-033-4541');
INSERT INTO Fall22_S001_6_PassengerContacts(P_id,Contactnumber) VALUES (43,'582-905-0614');
INSERT INTO Fall22_S001_6_PassengerContacts(P_id,Contactnumber) VALUES (44,'316-207-3257');
INSERT INTO Fall22_S001_6_PassengerContacts(P_id,Contactnumber) VALUES (45,'876-005-4007');
INSERT INTO Fall22_S001_6_PassengerContacts(P_id,Contactnumber) VALUES (46,'602-794-3825');
INSERT INTO Fall22_S001_6_PassengerContacts(P_id,Contactnumber) VALUES (47,'713-059-1942');
INSERT INTO Fall22_S001_6_PassengerContacts(P_id,Contactnumber) VALUES (48,'566-598-1958');
INSERT INTO Fall22_S001_6_PassengerContacts(P_id,Contactnumber) VALUES (49,'772-893-1689');
INSERT INTO Fall22_S001_6_PassengerContacts(P_id,Contactnumber) VALUES (50,'606-402-0337');
INSERT INTO Fall22_S001_6_PassengerContacts(P_id,Contactnumber) VALUES (51,'772-888-8777');
INSERT INTO Fall22_S001_6_PassengerContacts(P_id,Contactnumber) VALUES (52,'849-403-3614');
INSERT INTO Fall22_S001_6_PassengerContacts(P_id,Contactnumber) VALUES (53,'672-064-7414');
INSERT INTO Fall22_S001_6_PassengerContacts(P_id,Contactnumber) VALUES (54,'765-142-5668');
INSERT INTO Fall22_S001_6_PassengerContacts(P_id,Contactnumber) VALUES (55,'875-938-2808');
INSERT INTO Fall22_S001_6_PassengerContacts(P_id,Contactnumber) VALUES (56,'980-575-4939');
INSERT INTO Fall22_S001_6_PassengerContacts(P_id,Contactnumber) VALUES (57,'752-238-2497');
INSERT INTO Fall22_S001_6_PassengerContacts(P_id,Contactnumber) VALUES (58,'238-008-9081');
INSERT INTO Fall22_S001_6_PassengerContacts(P_id,Contactnumber) VALUES (59,'262-874-0213');
INSERT INTO Fall22_S001_6_PassengerContacts(P_id,Contactnumber) VALUES (60,'384-249-4467');
INSERT INTO Fall22_S001_6_PassengerContacts(P_id,Contactnumber) VALUES (61,'445-498-3634');
INSERT INTO Fall22_S001_6_PassengerContacts(P_id,Contactnumber) VALUES (62,'815-684-6321');
INSERT INTO Fall22_S001_6_PassengerContacts(P_id,Contactnumber) VALUES (63,'230-468-1448');
INSERT INTO Fall22_S001_6_PassengerContacts(P_id,Contactnumber) VALUES (64,'336-693-1420');
INSERT INTO Fall22_S001_6_PassengerContacts(P_id,Contactnumber) VALUES (65,'778-602-2323');
INSERT INTO Fall22_S001_6_PassengerContacts(P_id,Contactnumber) VALUES (66,'680-749-0886');
INSERT INTO Fall22_S001_6_PassengerContacts(P_id,Contactnumber) VALUES (67,'567-787-1716');
INSERT INTO Fall22_S001_6_PassengerContacts(P_id,Contactnumber) VALUES (68,'254-817-8847');
INSERT INTO Fall22_S001_6_PassengerContacts(P_id,Contactnumber) VALUES (69,'715-164-1284');
INSERT INTO Fall22_S001_6_PassengerContacts(P_id,Contactnumber) VALUES (70,'518-289-1056');
INSERT INTO Fall22_S001_6_PassengerContacts(P_id,Contactnumber) VALUES (71,'223-211-1182');
INSERT INTO Fall22_S001_6_PassengerContacts(P_id,Contactnumber) VALUES (72,'500-798-8854');
INSERT INTO Fall22_S001_6_PassengerContacts(P_id,Contactnumber) VALUES (73,'227-621-9265');
INSERT INTO Fall22_S001_6_PassengerContacts(P_id,Contactnumber) VALUES (74,'979-392-2107');
INSERT INTO Fall22_S001_6_PassengerContacts(P_id,Contactnumber) VALUES (75,'408-616-2088');
INSERT INTO Fall22_S001_6_PassengerContacts(P_id,Contactnumber) VALUES (76,'745-317-7027');
INSERT INTO Fall22_S001_6_PassengerContacts(P_id,Contactnumber) VALUES (77,'460-375-9323');
INSERT INTO Fall22_S001_6_PassengerContacts(P_id,Contactnumber) VALUES (78,'403-664-5707');
INSERT INTO Fall22_S001_6_PassengerContacts(P_id,Contactnumber) VALUES (79,'713-704-2548');
INSERT INTO Fall22_S001_6_PassengerContacts(P_id,Contactnumber) VALUES (80,'588-569-0404');
INSERT INTO Fall22_S001_6_PassengerContacts(P_id,Contactnumber) VALUES (81,'435-870-3822');
INSERT INTO Fall22_S001_6_PassengerContacts(P_id,Contactnumber) VALUES (82,'285-764-3060');
INSERT INTO Fall22_S001_6_PassengerContacts(P_id,Contactnumber) VALUES (83,'723-514-5533');
INSERT INTO Fall22_S001_6_PassengerContacts(P_id,Contactnumber) VALUES (84,'887-887-2388');
INSERT INTO Fall22_S001_6_PassengerContacts(P_id,Contactnumber) VALUES (85,'617-711-6760');
INSERT INTO Fall22_S001_6_PassengerContacts(P_id,Contactnumber) VALUES (86,'690-436-1365');
INSERT INTO Fall22_S001_6_PassengerContacts(P_id,Contactnumber) VALUES (87,'270-618-6500');
INSERT INTO Fall22_S001_6_PassengerContacts(P_id,Contactnumber) VALUES (88,'566-722-2011');
INSERT INTO Fall22_S001_6_PassengerContacts(P_id,Contactnumber) VALUES (89,'551-062-7258');
INSERT INTO Fall22_S001_6_PassengerContacts(P_id,Contactnumber) VALUES (90,'769-244-4960');
INSERT INTO Fall22_S001_6_PassengerContacts(P_id,Contactnumber) VALUES (91,'713-219-4307');
INSERT INTO Fall22_S001_6_PassengerContacts(P_id,Contactnumber) VALUES (92,'551-351-6414');
INSERT INTO Fall22_S001_6_PassengerContacts(P_id,Contactnumber) VALUES (93,'674-593-8782');
INSERT INTO Fall22_S001_6_PassengerContacts(P_id,Contactnumber) VALUES (94,'835-653-2565');
INSERT INTO Fall22_S001_6_PassengerContacts(P_id,Contactnumber) VALUES (95,'713-089-4227');
INSERT INTO Fall22_S001_6_PassengerContacts(P_id,Contactnumber) VALUES (96,'808-980-9150');
INSERT INTO Fall22_S001_6_PassengerContacts(P_id,Contactnumber) VALUES (97,'337-670-5856');
INSERT INTO Fall22_S001_6_PassengerContacts(P_id,Contactnumber) VALUES (98,'321-263-0374');
INSERT INTO Fall22_S001_6_PassengerContacts(P_id,Contactnumber) VALUES (99,'674-416-4143');
INSERT INTO Fall22_S001_6_PassengerContacts(P_id,Contactnumber) VALUES (100,'848-843-0623');
INSERT INTO Fall22_S001_6_PassengerContacts(P_id,Contactnumber) VALUES (101,'258-662-0908');
INSERT INTO Fall22_S001_6_PassengerContacts(P_id,Contactnumber) VALUES (102,'608-988-2026');
INSERT INTO Fall22_S001_6_PassengerContacts(P_id,Contactnumber) VALUES (103,'541-320-9674');
INSERT INTO Fall22_S001_6_PassengerContacts(P_id,Contactnumber) VALUES (104,'602-439-9099');
INSERT INTO Fall22_S001_6_PassengerContacts(P_id,Contactnumber) VALUES (105,'438-061-6921');
INSERT INTO Fall22_S001_6_PassengerContacts(P_id,Contactnumber) VALUES (106,'617-519-7505');
INSERT INTO Fall22_S001_6_PassengerContacts(P_id,Contactnumber) VALUES (107,'509-035-3461');
INSERT INTO Fall22_S001_6_PassengerContacts(P_id,Contactnumber) VALUES (108,'550-148-1510');
INSERT INTO Fall22_S001_6_PassengerContacts(P_id,Contactnumber) VALUES (109,'726-872-2387');
INSERT INTO Fall22_S001_6_PassengerContacts(P_id,Contactnumber) VALUES (110,'771-371-9368');
INSERT INTO Fall22_S001_6_PassengerContacts(P_id,Contactnumber) VALUES (111,'405-835-2209');
INSERT INTO Fall22_S001_6_PassengerContacts(P_id,Contactnumber) VALUES (112,'829-552-5574');
INSERT INTO Fall22_S001_6_PassengerContacts(P_id,Contactnumber) VALUES (113,'473-571-2824');
INSERT INTO Fall22_S001_6_PassengerContacts(P_id,Contactnumber) VALUES (114,'477-037-6334');
INSERT INTO Fall22_S001_6_PassengerContacts(P_id,Contactnumber) VALUES (115,'642-667-3905');
INSERT INTO Fall22_S001_6_PassengerContacts(P_id,Contactnumber) VALUES (116,'516-506-9602');
INSERT INTO Fall22_S001_6_PassengerContacts(P_id,Contactnumber) VALUES (117,'634-238-9451');
INSERT INTO Fall22_S001_6_PassengerContacts(P_id,Contactnumber) VALUES (118,'903-264-4097');
INSERT INTO Fall22_S001_6_PassengerContacts(P_id,Contactnumber) VALUES (119,'551-161-4242');
INSERT INTO Fall22_S001_6_PassengerContacts(P_id,Contactnumber) VALUES (120,'547-864-6855');
INSERT INTO Fall22_S001_6_PassengerContacts(P_id,Contactnumber) VALUES (121,'314-461-6520');
INSERT INTO Fall22_S001_6_PassengerContacts(P_id,Contactnumber) VALUES (122,'939-842-8812');
INSERT INTO Fall22_S001_6_PassengerContacts(P_id,Contactnumber) VALUES (123,'306-345-9902');
INSERT INTO Fall22_S001_6_PassengerContacts(P_id,Contactnumber) VALUES (124,'682-240-7505');
INSERT INTO Fall22_S001_6_PassengerContacts(P_id,Contactnumber) VALUES (125,'278-258-9140');
INSERT INTO Fall22_S001_6_PassengerContacts(P_id,Contactnumber) VALUES (126,'638-210-6453');
INSERT INTO Fall22_S001_6_PassengerContacts(P_id,Contactnumber) VALUES (127,'379-444-8265');
INSERT INTO Fall22_S001_6_PassengerContacts(P_id,Contactnumber) VALUES (128,'929-507-3180');
INSERT INTO Fall22_S001_6_PassengerContacts(P_id,Contactnumber) VALUES (129,'858-838-9180');
INSERT INTO Fall22_S001_6_PassengerContacts(P_id,Contactnumber) VALUES (130,'623-715-8359');
INSERT INTO Fall22_S001_6_PassengerContacts(P_id,Contactnumber) VALUES (131,'277-391-0608');
INSERT INTO Fall22_S001_6_PassengerContacts(P_id,Contactnumber) VALUES (132,'540-002-0593');
INSERT INTO Fall22_S001_6_PassengerContacts(P_id,Contactnumber) VALUES (133,'437-416-2402');
INSERT INTO Fall22_S001_6_PassengerContacts(P_id,Contactnumber) VALUES (134,'924-055-6912');
INSERT INTO Fall22_S001_6_PassengerContacts(P_id,Contactnumber) VALUES (135,'453-458-2566');
INSERT INTO Fall22_S001_6_PassengerContacts(P_id,Contactnumber) VALUES (136,'745-026-1993');
INSERT INTO Fall22_S001_6_PassengerContacts(P_id,Contactnumber) VALUES (137,'228-837-8781');
INSERT INTO Fall22_S001_6_PassengerContacts(P_id,Contactnumber) VALUES (138,'527-004-3469');
INSERT INTO Fall22_S001_6_PassengerContacts(P_id,Contactnumber) VALUES (139,'721-840-3578');
INSERT INTO Fall22_S001_6_PassengerContacts(P_id,Contactnumber) VALUES (140,'721-137-3679');
INSERT INTO Fall22_S001_6_PassengerContacts(P_id,Contactnumber) VALUES (141,'471-149-0730');
INSERT INTO Fall22_S001_6_PassengerContacts(P_id,Contactnumber) VALUES (142,'647-840-2475');
INSERT INTO Fall22_S001_6_PassengerContacts(P_id,Contactnumber) VALUES (143,'990-682-5299');
INSERT INTO Fall22_S001_6_PassengerContacts(P_id,Contactnumber) VALUES (144,'868-837-1930');
INSERT INTO Fall22_S001_6_PassengerContacts(P_id,Contactnumber) VALUES (145,'672-873-9151');
INSERT INTO Fall22_S001_6_PassengerContacts(P_id,Contactnumber) VALUES (146,'254-953-4543');
INSERT INTO Fall22_S001_6_PassengerContacts(P_id,Contactnumber) VALUES (147,'771-112-2805');
INSERT INTO Fall22_S001_6_PassengerContacts(P_id,Contactnumber) VALUES (148,'639-021-7910');
INSERT INTO Fall22_S001_6_PassengerContacts(P_id,Contactnumber) VALUES (149,'274-054-1164');
INSERT INTO Fall22_S001_6_PassengerContacts(P_id,Contactnumber) VALUES (150,'261-927-1962');
INSERT INTO Fall22_S001_6_PassengerContacts(P_id,Contactnumber) VALUES (151,'628-190-3708');
INSERT INTO Fall22_S001_6_PassengerContacts(P_id,Contactnumber) VALUES (152,'563-004-3473');
INSERT INTO Fall22_S001_6_PassengerContacts(P_id,Contactnumber) VALUES (153,'908-714-9345');
INSERT INTO Fall22_S001_6_PassengerContacts(P_id,Contactnumber) VALUES (154,'371-740-3781');
INSERT INTO Fall22_S001_6_PassengerContacts(P_id,Contactnumber) VALUES (155,'963-205-3218');
INSERT INTO Fall22_S001_6_PassengerContacts(P_id,Contactnumber) VALUES (156,'658-261-9583');
INSERT INTO Fall22_S001_6_PassengerContacts(P_id,Contactnumber) VALUES (157,'870-747-1252');
INSERT INTO Fall22_S001_6_PassengerContacts(P_id,Contactnumber) VALUES (158,'875-310-4331');
INSERT INTO Fall22_S001_6_PassengerContacts(P_id,Contactnumber) VALUES (159,'678-737-5764');
INSERT INTO Fall22_S001_6_PassengerContacts(P_id,Contactnumber) VALUES (160,'962-120-0873');
INSERT INTO Fall22_S001_6_PassengerContacts(P_id,Contactnumber) VALUES (161,'200-193-8598');
INSERT INTO Fall22_S001_6_PassengerContacts(P_id,Contactnumber) VALUES (162,'587-935-6016');
INSERT INTO Fall22_S001_6_PassengerContacts(P_id,Contactnumber) VALUES (163,'657-347-5883');
INSERT INTO Fall22_S001_6_PassengerContacts(P_id,Contactnumber) VALUES (164,'523-849-7355');
INSERT INTO Fall22_S001_6_PassengerContacts(P_id,Contactnumber) VALUES (165,'916-721-8364');
INSERT INTO Fall22_S001_6_PassengerContacts(P_id,Contactnumber) VALUES (166,'248-334-4638');
INSERT INTO Fall22_S001_6_PassengerContacts(P_id,Contactnumber) VALUES (167,'580-280-6976');
INSERT INTO Fall22_S001_6_PassengerContacts(P_id,Contactnumber) VALUES (168,'586-640-8785');
INSERT INTO Fall22_S001_6_PassengerContacts(P_id,Contactnumber) VALUES (169,'435-009-0994');
INSERT INTO Fall22_S001_6_PassengerContacts(P_id,Contactnumber) VALUES (170,'300-414-3455');
INSERT INTO Fall22_S001_6_PassengerContacts(P_id,Contactnumber) VALUES (171,'676-774-9684');
INSERT INTO Fall22_S001_6_PassengerContacts(P_id,Contactnumber) VALUES (172,'384-774-2411');
INSERT INTO Fall22_S001_6_PassengerContacts(P_id,Contactnumber) VALUES (173,'974-029-3877');
INSERT INTO Fall22_S001_6_PassengerContacts(P_id,Contactnumber) VALUES (174,'250-438-0538');
INSERT INTO Fall22_S001_6_PassengerContacts(P_id,Contactnumber) VALUES (175,'275-213-8697');
INSERT INTO Fall22_S001_6_PassengerContacts(P_id,Contactnumber) VALUES (176,'572-031-5979');
INSERT INTO Fall22_S001_6_PassengerContacts(P_id,Contactnumber) VALUES (177,'888-912-2119');
INSERT INTO Fall22_S001_6_PassengerContacts(P_id,Contactnumber) VALUES (178,'572-966-6730');
INSERT INTO Fall22_S001_6_PassengerContacts(P_id,Contactnumber) VALUES (179,'425-302-3186');
INSERT INTO Fall22_S001_6_PassengerContacts(P_id,Contactnumber) VALUES (180,'580-244-0257');
INSERT INTO Fall22_S001_6_PassengerContacts(P_id,Contactnumber) VALUES (181,'536-727-6510');
INSERT INTO Fall22_S001_6_PassengerContacts(P_id,Contactnumber) VALUES (182,'919-779-6418');
INSERT INTO Fall22_S001_6_PassengerContacts(P_id,Contactnumber) VALUES (183,'733-302-1608');
INSERT INTO Fall22_S001_6_PassengerContacts(P_id,Contactnumber) VALUES (184,'286-188-2430');
INSERT INTO Fall22_S001_6_PassengerContacts(P_id,Contactnumber) VALUES (185,'345-822-5558');
INSERT INTO Fall22_S001_6_PassengerContacts(P_id,Contactnumber) VALUES (186,'226-314-8677');
INSERT INTO Fall22_S001_6_PassengerContacts(P_id,Contactnumber) VALUES (187,'918-294-2009');
INSERT INTO Fall22_S001_6_PassengerContacts(P_id,Contactnumber) VALUES (188,'783-864-0327');
INSERT INTO Fall22_S001_6_PassengerContacts(P_id,Contactnumber) VALUES (189,'930-819-1884');
INSERT INTO Fall22_S001_6_PassengerContacts(P_id,Contactnumber) VALUES (190,'980-672-3321');
INSERT INTO Fall22_S001_6_PassengerContacts(P_id,Contactnumber) VALUES (191,'671-309-0655');
INSERT INTO Fall22_S001_6_PassengerContacts(P_id,Contactnumber) VALUES (192,'376-055-2530');
INSERT INTO Fall22_S001_6_PassengerContacts(P_id,Contactnumber) VALUES (193,'726-274-5666');
INSERT INTO Fall22_S001_6_PassengerContacts(P_id,Contactnumber) VALUES (194,'836-613-9404');
INSERT INTO Fall22_S001_6_PassengerContacts(P_id,Contactnumber) VALUES (195,'588-375-1637');
INSERT INTO Fall22_S001_6_PassengerContacts(P_id,Contactnumber) VALUES (196,'677-480-6456');
INSERT INTO Fall22_S001_6_PassengerContacts(P_id,Contactnumber) VALUES (197,'211-429-9987');
INSERT INTO Fall22_S001_6_PassengerContacts(P_id,Contactnumber) VALUES (198,'552-877-8458');
INSERT INTO Fall22_S001_6_PassengerContacts(P_id,Contactnumber) VALUES (199,'615-820-1882');
INSERT INTO Fall22_S001_6_PassengerContacts(P_id,Contactnumber) VALUES (200,'351-904-9716');
INSERT INTO Fall22_S001_6_PassengerContacts(P_id,Contactnumber) VALUES (1,'574-4639-71');
INSERT INTO Fall22_S001_6_PassengerContacts(P_id,Contactnumber) VALUES (2,'346-5040-15');
INSERT INTO Fall22_S001_6_PassengerContacts(P_id,Contactnumber) VALUES (3,'369-4273-97');
INSERT INTO Fall22_S001_6_PassengerContacts(P_id,Contactnumber) VALUES (4,'356-8772-68');
INSERT INTO Fall22_S001_6_PassengerContacts(P_id,Contactnumber) VALUES (5,'565-3894-31');
INSERT INTO Fall22_S001_6_PassengerContacts(P_id,Contactnumber) VALUES (6,'206-5120-95');
INSERT INTO Fall22_S001_6_PassengerContacts(P_id,Contactnumber) VALUES (7,'398-2992-25');
INSERT INTO Fall22_S001_6_PassengerContacts(P_id,Contactnumber) VALUES (8,'487-7566-67');
INSERT INTO Fall22_S001_6_PassengerContacts(P_id,Contactnumber) VALUES (9,'210-9042-58');
INSERT INTO Fall22_S001_6_PassengerContacts(P_id,Contactnumber) VALUES (10,'169-4600-86');
INSERT INTO Fall22_S001_6_PassengerContacts(P_id,Contactnumber) VALUES (11,'303-6410-86');
INSERT INTO Fall22_S001_6_PassengerContacts(P_id,Contactnumber) VALUES (12,'538-1297-06');
INSERT INTO Fall22_S001_6_PassengerContacts(P_id,Contactnumber) VALUES (13,'397-8650-64');
INSERT INTO Fall22_S001_6_PassengerContacts(P_id,Contactnumber) VALUES (14,'046-3620-54');
INSERT INTO Fall22_S001_6_PassengerContacts(P_id,Contactnumber) VALUES (15,'348-5730-04');
INSERT INTO Fall22_S001_6_PassengerContacts(P_id,Contactnumber) VALUES (16,'117-7991-59');
INSERT INTO Fall22_S001_6_PassengerContacts(P_id,Contactnumber) VALUES (17,'759-1815-28');
INSERT INTO Fall22_S001_6_PassengerContacts(P_id,Contactnumber) VALUES (18,'862-0993-30');
INSERT INTO Fall22_S001_6_PassengerContacts(P_id,Contactnumber) VALUES (19,'201-0445-90');
INSERT INTO Fall22_S001_6_PassengerContacts(P_id,Contactnumber) VALUES (20,'242-5046-60');
INSERT INTO Fall22_S001_6_PassengerContacts(P_id,Contactnumber) VALUES (21,'629-6271-11');
INSERT INTO Fall22_S001_6_PassengerContacts(P_id,Contactnumber) VALUES (22,'209-2190-03');
INSERT INTO Fall22_S001_6_PassengerContacts(P_id,Contactnumber) VALUES (23,'564-9860-90');
INSERT INTO Fall22_S001_6_PassengerContacts(P_id,Contactnumber) VALUES (24,'196-9874-31');
INSERT INTO Fall22_S001_6_PassengerContacts(P_id,Contactnumber) VALUES (25,'317-3192-89');
INSERT INTO Fall22_S001_6_PassengerContacts(P_id,Contactnumber) VALUES (26,'119-5664-63');
INSERT INTO Fall22_S001_6_PassengerContacts(P_id,Contactnumber) VALUES (27,'043-0583-84');
INSERT INTO Fall22_S001_6_PassengerContacts(P_id,Contactnumber) VALUES (28,'307-5265-97');
INSERT INTO Fall22_S001_6_PassengerContacts(P_id,Contactnumber) VALUES (29,'614-9622-95');
INSERT INTO Fall22_S001_6_PassengerContacts(P_id,Contactnumber) VALUES (30,'065-8655-06');
INSERT INTO Fall22_S001_6_PassengerContacts(P_id,Contactnumber) VALUES (31,'505-6370-25');
INSERT INTO Fall22_S001_6_PassengerContacts(P_id,Contactnumber) VALUES (32,'080-4677-88');
INSERT INTO Fall22_S001_6_PassengerContacts(P_id,Contactnumber) VALUES (33,'787-4791-10');
INSERT INTO Fall22_S001_6_PassengerContacts(P_id,Contactnumber) VALUES (34,'951-7633-36');
INSERT INTO Fall22_S001_6_PassengerContacts(P_id,Contactnumber) VALUES (35,'416-1691-03');
INSERT INTO Fall22_S001_6_PassengerContacts(P_id,Contactnumber) VALUES (36,'400-1916-91');
INSERT INTO Fall22_S001_6_PassengerContacts(P_id,Contactnumber) VALUES (37,'854-4576-51');
INSERT INTO Fall22_S001_6_PassengerContacts(P_id,Contactnumber) VALUES (38,'635-6796-03');
INSERT INTO Fall22_S001_6_PassengerContacts(P_id,Contactnumber) VALUES (39,'500-0019-35');
INSERT INTO Fall22_S001_6_PassengerContacts(P_id,Contactnumber) VALUES (40,'489-2395-20');
INSERT INTO Fall22_S001_6_PassengerContacts(P_id,Contactnumber) VALUES (41,'150-7218-59');
INSERT INTO Fall22_S001_6_PassengerContacts(P_id,Contactnumber) VALUES (42,'300-6761-77');
INSERT INTO Fall22_S001_6_PassengerContacts(P_id,Contactnumber) VALUES (43,'634-2637-40');
INSERT INTO Fall22_S001_6_PassengerContacts(P_id,Contactnumber) VALUES (44,'424-4544-99');
INSERT INTO Fall22_S001_6_PassengerContacts(P_id,Contactnumber) VALUES (45,'581-8608-56');
INSERT INTO Fall22_S001_6_PassengerContacts(P_id,Contactnumber) VALUES (46,'341-5851-05');
INSERT INTO Fall22_S001_6_PassengerContacts(P_id,Contactnumber) VALUES (47,'488-7885-70');
INSERT INTO Fall22_S001_6_PassengerContacts(P_id,Contactnumber) VALUES (48,'339-7841-50');
INSERT INTO Fall22_S001_6_PassengerContacts(P_id,Contactnumber) VALUES (49,'090-5770-97');
INSERT INTO Fall22_S001_6_PassengerContacts(P_id,Contactnumber) VALUES (50,'668-2331-29');
INSERT INTO Fall22_S001_6_PassengerContacts(P_id,Contactnumber) VALUES (51,'973-1527-51');
INSERT INTO Fall22_S001_6_PassengerContacts(P_id,Contactnumber) VALUES (52,'419-3981-48');
INSERT INTO Fall22_S001_6_PassengerContacts(P_id,Contactnumber) VALUES (53,'315-5801-01');
INSERT INTO Fall22_S001_6_PassengerContacts(P_id,Contactnumber) VALUES (54,'981-0278-97');
INSERT INTO Fall22_S001_6_PassengerContacts(P_id,Contactnumber) VALUES (55,'294-3167-14');
INSERT INTO Fall22_S001_6_PassengerContacts(P_id,Contactnumber) VALUES (56,'500-7263-59');
INSERT INTO Fall22_S001_6_PassengerContacts(P_id,Contactnumber) VALUES (57,'998-4035-23');
INSERT INTO Fall22_S001_6_PassengerContacts(P_id,Contactnumber) VALUES (58,'009-4084-84');
INSERT INTO Fall22_S001_6_PassengerContacts(P_id,Contactnumber) VALUES (59,'864-0862-43');
INSERT INTO Fall22_S001_6_PassengerContacts(P_id,Contactnumber) VALUES (60,'861-4452-44');
INSERT INTO Fall22_S001_6_PassengerContacts(P_id,Contactnumber) VALUES (61,'824-9726-01');
INSERT INTO Fall22_S001_6_PassengerContacts(P_id,Contactnumber) VALUES (62,'289-4166-89');
INSERT INTO Fall22_S001_6_PassengerContacts(P_id,Contactnumber) VALUES (63,'426-1678-41');
INSERT INTO Fall22_S001_6_PassengerContacts(P_id,Contactnumber) VALUES (64,'699-9062-83');
INSERT INTO Fall22_S001_6_PassengerContacts(P_id,Contactnumber) VALUES (65,'649-7050-46');
INSERT INTO Fall22_S001_6_PassengerContacts(P_id,Contactnumber) VALUES (66,'779-6307-84');
INSERT INTO Fall22_S001_6_PassengerContacts(P_id,Contactnumber) VALUES (67,'729-5109-50');
INSERT INTO Fall22_S001_6_PassengerContacts(P_id,Contactnumber) VALUES (68,'155-1707-87');
INSERT INTO Fall22_S001_6_PassengerContacts(P_id,Contactnumber) VALUES (69,'391-3650-51');
INSERT INTO Fall22_S001_6_PassengerContacts(P_id,Contactnumber) VALUES (70,'903-1305-52');
INSERT INTO Fall22_S001_6_PassengerContacts(P_id,Contactnumber) VALUES (71,'481-4129-32');
INSERT INTO Fall22_S001_6_PassengerContacts(P_id,Contactnumber) VALUES (72,'951-1635-76');
INSERT INTO Fall22_S001_6_PassengerContacts(P_id,Contactnumber) VALUES (73,'592-9302-71');
INSERT INTO Fall22_S001_6_PassengerContacts(P_id,Contactnumber) VALUES (74,'383-4046-60');
INSERT INTO Fall22_S001_6_PassengerContacts(P_id,Contactnumber) VALUES (75,'747-4623-16');
INSERT INTO Fall22_S001_6_PassengerContacts(P_id,Contactnumber) VALUES (76,'225-5901-49');
INSERT INTO Fall22_S001_6_PassengerContacts(P_id,Contactnumber) VALUES (77,'416-1517-24');
INSERT INTO Fall22_S001_6_PassengerContacts(P_id,Contactnumber) VALUES (78,'747-4034-47');
INSERT INTO Fall22_S001_6_PassengerContacts(P_id,Contactnumber) VALUES (79,'204-9224-21');
INSERT INTO Fall22_S001_6_PassengerContacts(P_id,Contactnumber) VALUES (80,'155-7156-78');
INSERT INTO Fall22_S001_6_PassengerContacts(P_id,Contactnumber) VALUES (81,'473-2736-18');
INSERT INTO Fall22_S001_6_PassengerContacts(P_id,Contactnumber) VALUES (82,'329-4303-09');
INSERT INTO Fall22_S001_6_PassengerContacts(P_id,Contactnumber) VALUES (83,'540-9151-54');
INSERT INTO Fall22_S001_6_PassengerContacts(P_id,Contactnumber) VALUES (84,'406-1576-92');
INSERT INTO Fall22_S001_6_PassengerContacts(P_id,Contactnumber) VALUES (85,'963-0812-82');
INSERT INTO Fall22_S001_6_PassengerContacts(P_id,Contactnumber) VALUES (86,'630-4900-29');
INSERT INTO Fall22_S001_6_PassengerContacts(P_id,Contactnumber) VALUES (87,'044-9757-46');
INSERT INTO Fall22_S001_6_PassengerContacts(P_id,Contactnumber) VALUES (88,'926-8151-46');
INSERT INTO Fall22_S001_6_PassengerContacts(P_id,Contactnumber) VALUES (89,'907-3572-43');
INSERT INTO Fall22_S001_6_PassengerContacts(P_id,Contactnumber) VALUES (90,'255-4761-39');
INSERT INTO Fall22_S001_6_PassengerContacts(P_id,Contactnumber) VALUES (91,'891-5245-22');
INSERT INTO Fall22_S001_6_PassengerContacts(P_id,Contactnumber) VALUES (92,'363-4777-83');
INSERT INTO Fall22_S001_6_PassengerContacts(P_id,Contactnumber) VALUES (93,'694-5992-46');
INSERT INTO Fall22_S001_6_PassengerContacts(P_id,Contactnumber) VALUES (94,'480-5404-46');
INSERT INTO Fall22_S001_6_PassengerContacts(P_id,Contactnumber) VALUES (95,'908-9768-04');
INSERT INTO Fall22_S001_6_PassengerContacts(P_id,Contactnumber) VALUES (96,'552-2355-27');
INSERT INTO Fall22_S001_6_PassengerContacts(P_id,Contactnumber) VALUES (97,'333-6284-91');
INSERT INTO Fall22_S001_6_PassengerContacts(P_id,Contactnumber) VALUES (98,'585-8354-19');
INSERT INTO Fall22_S001_6_PassengerContacts(P_id,Contactnumber) VALUES (99,'500-2133-54');
INSERT INTO Fall22_S001_6_PassengerContacts(P_id,Contactnumber) VALUES (100,'362-4063-73');


-- Query to insert into table Fall22_S001_6_Route --


Insert into Fall22_S001_6_Route ( R_id ,  S_point , D_point , Distance) Values(1,'Houston', 'San Antonio', 400);
Insert into Fall22_S001_6_Route ( R_id ,  S_point , D_point , Distance) Values (2,	'San Antonio' , 'Dallas', 521);
Insert into Fall22_S001_6_Route ( R_id ,  S_point , D_point , Distance) Values (3,	'Dallas',	'Houston',	401);
Insert into Fall22_S001_6_Route ( R_id ,  S_point , D_point , Distance) Values(4,	'Austin',	'San Antonio',	429);
Insert into Fall22_S001_6_Route ( R_id ,  S_point , D_point , Distance) Values(5,	'Fort Worth',	'Austin',	402);
Insert into Fall22_S001_6_Route ( R_id ,  S_point , D_point , Distance) Values(6,	'El Paso',	'Dallas',	370);
Insert into Fall22_S001_6_Route ( R_id ,  S_point , D_point , Distance) Values(7,	'Arlington',	'Dallas',	403);
Insert into Fall22_S001_6_Route ( R_id ,  S_point , D_point , Distance) Values(8,	'Corpus Christi',	'Arlington',	397);
Insert into Fall22_S001_6_Route ( R_id ,  S_point , D_point , Distance) Values(9,	'Plano',	'Dallas',	404);
Insert into Fall22_S001_6_Route ( R_id ,  S_point , D_point , Distance) Values(10,	'Lubbock',	'Arlington',	563);
Insert into Fall22_S001_6_Route ( R_id ,  S_point , D_point , Distance) Values(11,	'Laredo',	'Houston',	581);
Insert into Fall22_S001_6_Route ( R_id ,  S_point , D_point , Distance) Values(12,	'Irving'	,'Plano',	401);
Insert into Fall22_S001_6_Route ( R_id ,  S_point , D_point , Distance) Values(13,	'Garland',	'Houston',	337);
Insert into Fall22_S001_6_Route ( R_id ,  S_point , D_point , Distance) Values(14,	'Frisco',	'Plano' ,	402);
Insert into Fall22_S001_6_Route ( R_id ,  S_point , D_point , Distance) Values(15,	'Arlington'	, 'Plano' ,	477);
Insert into Fall22_S001_6_Route ( R_id ,  S_point , D_point , Distance) Values(16,	'Arlington'	, 'Lubbock' ,	403);
Insert into Fall22_S001_6_Route ( R_id ,  S_point , D_point , Distance) Values(17,	'Arlington'	, 'Laredo'	,474);
Insert into Fall22_S001_6_Route ( R_id ,  S_point , D_point , Distance) Values(18,	'Arlington'	, 'Irving'	,404);
Insert into Fall22_S001_6_Route ( R_id ,  S_point , D_point , Distance) Values(19,	'Arlington'	, 'Garland'	,535);
Insert into Fall22_S001_6_Route ( R_id ,  S_point , D_point , Distance) Values(20,	'Arlington'	, 'Frisco'	,405);
Insert into Fall22_S001_6_Route ( R_id ,  S_point , D_point , Distance) Values(21,	'Dallas',	'Plano',	440);
Insert into Fall22_S001_6_Route ( R_id ,  S_point , D_point , Distance) Values(22,	'Dallas' ,	'Lubbock',	554);
Insert into Fall22_S001_6_Route ( R_id ,  S_point , D_point , Distance) Values(23,	'Dallas',	'Laredo',	402);
Insert into Fall22_S001_6_Route ( R_id ,  S_point , D_point , Distance) Values(24,	'Dallas',	'Irving',	357);
Insert into Fall22_S001_6_Route ( R_id ,  S_point , D_point , Distance) Values(25,	'Dallas',	'Garland',	403);
Insert into Fall22_S001_6_Route ( R_id ,  S_point , D_point , Distance) Values(26,	'Dallas',	'Frisco'	,372);
Insert into Fall22_S001_6_Route ( R_id ,  S_point , D_point , Distance) Values(27,	'Irving',	'Houston'	,404);
Insert into Fall22_S001_6_Route ( R_id ,  S_point , D_point , Distance) Values(28,	'Irving',	'San Antonio',	432);
Insert into Fall22_S001_6_Route ( R_id ,  S_point , D_point , Distance) Values(29,	'Irving', 'Dallas',	405);
Insert into Fall22_S001_6_Route ( R_id ,  S_point , D_point , Distance) Values(30,	'Irving' ,	'Austin',	481);
Insert into Fall22_S001_6_Route ( R_id ,  S_point , D_point , Distance) Values(31,	'Irving' ,	'Fort Worth' ,	406);
Insert into Fall22_S001_6_Route ( R_id ,  S_point , D_point , Distance) Values(32,	'Grand Prairie',	'San Antonio' , 	493);
Insert into Fall22_S001_6_Route ( R_id ,  S_point , D_point , Distance) Values(33,	'Grand Prairie',	'Dallas' , 563);
Insert into Fall22_S001_6_Route ( R_id ,  S_point , D_point , Distance) Values(34,	'Grand Prairie',	'Houston',	403);
Insert into Fall22_S001_6_Route ( R_id ,  S_point , D_point , Distance) Values(35,	'Grand Prairie'	, 'San Antonio' ,411);
Insert into Fall22_S001_6_Route ( R_id ,  S_point , D_point , Distance) Values(36,	'Grand Prairie'	,'Austin' ,	404);
Insert into Fall22_S001_6_Route ( R_id ,  S_point , D_point , Distance) Values(37,	'Grand Prairie' ,	'Dallas',	321);
Insert into Fall22_S001_6_Route ( R_id ,  S_point , D_point , Distance) Values(38,	'Grand Prairie',	'Arlington' ,	405);
Insert into Fall22_S001_6_Route ( R_id ,  S_point , D_point , Distance) Values(39,	'Houston',	'Arlington' ,	329);
Insert into Fall22_S001_6_Route ( R_id ,  S_point , D_point , Distance) Values(40,	'Austin',	'Arlington',	406);


-- Query to insert into table Fall22_S001_6_Scheduler --


INSERT INTO Fall22_S001_6_Scheduler(S_id , S_Date , S_Time , Seat_Capacity , R_id) VALUES(1,TO_DATE('2021-07-29','YYYY/MM/DD'),'11:43:25',20,13);
INSERT INTO Fall22_S001_6_Scheduler(S_id , S_Date , S_Time , Seat_Capacity , R_id) VALUES(2,TO_DATE('2021-12-19','YYYY/MM/DD'),'14:05:07',6,27);
INSERT INTO Fall22_S001_6_Scheduler(S_id , S_Date , S_Time , Seat_Capacity , R_id) VALUES(3,TO_DATE('2021-04-18','YYYY/MM/DD'),'12:10:35',3,16);
INSERT INTO Fall22_S001_6_Scheduler(S_id , S_Date , S_Time , Seat_Capacity , R_id) VALUES(4,TO_DATE('2021-07-08','YYYY/MM/DD'),'11:27:28',6,18);
INSERT INTO Fall22_S001_6_Scheduler(S_id , S_Date , S_Time , Seat_Capacity , R_id) VALUES(5,TO_DATE('2021-09-23','YYYY/MM/DD'),'12:02:19',16,3);
INSERT INTO Fall22_S001_6_Scheduler(S_id , S_Date , S_Time , Seat_Capacity , R_id) VALUES(6,TO_DATE('2021-11-10','YYYY/MM/DD'),'12:52:48',18,6);
INSERT INTO Fall22_S001_6_Scheduler(S_id , S_Date , S_Time , Seat_Capacity , R_id) VALUES(7,TO_DATE('2021-09-11','YYYY/MM/DD'),'12:48:04',8,35);
INSERT INTO Fall22_S001_6_Scheduler(S_id , S_Date , S_Time , Seat_Capacity , R_id) VALUES(8,TO_DATE('2021-12-25','YYYY/MM/DD'),'13:10:21',6,16);
INSERT INTO Fall22_S001_6_Scheduler(S_id , S_Date , S_Time , Seat_Capacity , R_id) VALUES(9,TO_DATE('2021-10-17','YYYY/MM/DD'),'12:14:20',1,36);
INSERT INTO Fall22_S001_6_Scheduler(S_id , S_Date , S_Time , Seat_Capacity , R_id) VALUES(10,TO_DATE('2021-06-24','YYYY/MM/DD'),'11:52:52',23,15);
INSERT INTO Fall22_S001_6_Scheduler(S_id , S_Date , S_Time , Seat_Capacity , R_id) VALUES(11,TO_DATE('2021-08-08','YYYY/MM/DD'),'14:06:14',16,12);
INSERT INTO Fall22_S001_6_Scheduler(S_id , S_Date , S_Time , Seat_Capacity , R_id) VALUES(12,TO_DATE('2021-11-07','YYYY/MM/DD'),'12:09:51',23,16);
INSERT INTO Fall22_S001_6_Scheduler(S_id , S_Date , S_Time , Seat_Capacity , R_id) VALUES(13,TO_DATE('2021-04-04','YYYY/MM/DD'),'11:23:15',2,21);
INSERT INTO Fall22_S001_6_Scheduler(S_id , S_Date , S_Time , Seat_Capacity , R_id) VALUES(14,TO_DATE('2021-05-11','YYYY/MM/DD'),'12:18:23',20,23);
INSERT INTO Fall22_S001_6_Scheduler(S_id , S_Date , S_Time , Seat_Capacity , R_id) VALUES(15,TO_DATE('2021-06-01','YYYY/MM/DD'),'11:20:10',5,21);
INSERT INTO Fall22_S001_6_Scheduler(S_id , S_Date , S_Time , Seat_Capacity , R_id) VALUES(16,TO_DATE('2021-10-05','YYYY/MM/DD'),'12:29:19',20,40);
INSERT INTO Fall22_S001_6_Scheduler(S_id , S_Date , S_Time , Seat_Capacity , R_id) VALUES(17,TO_DATE('2021-09-22','YYYY/MM/DD'),'11:14:09',10,16);
INSERT INTO Fall22_S001_6_Scheduler(S_id , S_Date , S_Time , Seat_Capacity , R_id) VALUES(18,TO_DATE('2021-12-01','YYYY/MM/DD'),'11:06:46',7,24);
INSERT INTO Fall22_S001_6_Scheduler(S_id , S_Date , S_Time , Seat_Capacity , R_id) VALUES(19,TO_DATE('2021-11-06','YYYY/MM/DD'),'14:56:58',23,22);
INSERT INTO Fall22_S001_6_Scheduler(S_id , S_Date , S_Time , Seat_Capacity , R_id) VALUES(20,TO_DATE('2021-04-10','YYYY/MM/DD'),'13:20:12',16,8);
INSERT INTO Fall22_S001_6_Scheduler(S_id , S_Date , S_Time , Seat_Capacity , R_id) VALUES(21,TO_DATE('2021-04-09','YYYY/MM/DD'),'13:36:45',24,9);
INSERT INTO Fall22_S001_6_Scheduler(S_id , S_Date , S_Time , Seat_Capacity , R_id) VALUES(22,TO_DATE('2021-07-21','YYYY/MM/DD'),'14:45:39',16,18);
INSERT INTO Fall22_S001_6_Scheduler(S_id , S_Date , S_Time , Seat_Capacity , R_id) VALUES(23,TO_DATE('2021-12-18','YYYY/MM/DD'),'13:01:10',25,19);
INSERT INTO Fall22_S001_6_Scheduler(S_id , S_Date , S_Time , Seat_Capacity , R_id) VALUES(24,TO_DATE('2021-05-10','YYYY/MM/DD'),'13:20:59',14,15);
INSERT INTO Fall22_S001_6_Scheduler(S_id , S_Date , S_Time , Seat_Capacity , R_id) VALUES(25,TO_DATE('2021-12-22','YYYY/MM/DD'),'14:47:04',25,5);
INSERT INTO Fall22_S001_6_Scheduler(S_id , S_Date , S_Time , Seat_Capacity , R_id) VALUES(26,TO_DATE('2021-04-11','YYYY/MM/DD'),'14:20:41',19,11);
INSERT INTO Fall22_S001_6_Scheduler(S_id , S_Date , S_Time , Seat_Capacity , R_id) VALUES(27,TO_DATE('2021-08-17','YYYY/MM/DD'),'14:44:27',19,33);
INSERT INTO Fall22_S001_6_Scheduler(S_id , S_Date , S_Time , Seat_Capacity , R_id) VALUES(28,TO_DATE('2021-10-25','YYYY/MM/DD'),'12:52:26',21,36);
INSERT INTO Fall22_S001_6_Scheduler(S_id , S_Date , S_Time , Seat_Capacity , R_id) VALUES(29,TO_DATE('2021-12-03','YYYY/MM/DD'),'14:14:28',24,30);
INSERT INTO Fall22_S001_6_Scheduler(S_id , S_Date , S_Time , Seat_Capacity , R_id) VALUES(30,TO_DATE('2021-05-06','YYYY/MM/DD'),'12:21:27',21,32);
INSERT INTO Fall22_S001_6_Scheduler(S_id , S_Date , S_Time , Seat_Capacity , R_id) VALUES(31,TO_DATE('2021-08-17','YYYY/MM/DD'),'11:19:22',9,14);
INSERT INTO Fall22_S001_6_Scheduler(S_id , S_Date , S_Time , Seat_Capacity , R_id) VALUES(32,TO_DATE('2021-07-27','YYYY/MM/DD'),'11:32:21',20,36);
INSERT INTO Fall22_S001_6_Scheduler(S_id , S_Date , S_Time , Seat_Capacity , R_id) VALUES(33,TO_DATE('2021-06-07','YYYY/MM/DD'),'12:39:46',16,8);
INSERT INTO Fall22_S001_6_Scheduler(S_id , S_Date , S_Time , Seat_Capacity , R_id) VALUES(34,TO_DATE('2021-08-07','YYYY/MM/DD'),'11:30:21',7,14);
INSERT INTO Fall22_S001_6_Scheduler(S_id , S_Date , S_Time , Seat_Capacity , R_id) VALUES(35,TO_DATE('2021-08-27','YYYY/MM/DD'),'14:23:39',6,10);
INSERT INTO Fall22_S001_6_Scheduler(S_id , S_Date , S_Time , Seat_Capacity , R_id) VALUES(36,TO_DATE('2021-11-21','YYYY/MM/DD'),'13:28:57',6,14);
INSERT INTO Fall22_S001_6_Scheduler(S_id , S_Date , S_Time , Seat_Capacity , R_id) VALUES(37,TO_DATE('2021-05-22','YYYY/MM/DD'),'11:51:52',7,5);
INSERT INTO Fall22_S001_6_Scheduler(S_id , S_Date , S_Time , Seat_Capacity , R_id) VALUES(38,TO_DATE('2021-10-19','YYYY/MM/DD'),'12:45:02',5,1);
INSERT INTO Fall22_S001_6_Scheduler(S_id , S_Date , S_Time , Seat_Capacity , R_id) VALUES(39,TO_DATE('2021-07-15','YYYY/MM/DD'),'14:20:10',9,34);
INSERT INTO Fall22_S001_6_Scheduler(S_id , S_Date , S_Time , Seat_Capacity , R_id) VALUES(40,TO_DATE('2021-07-23','YYYY/MM/DD'),'14:24:01',9,36);
INSERT INTO Fall22_S001_6_Scheduler(S_id , S_Date , S_Time , Seat_Capacity , R_id) VALUES(41,TO_DATE('2021-10-28','YYYY/MM/DD'),'13:33:58',10,3);
INSERT INTO Fall22_S001_6_Scheduler(S_id , S_Date , S_Time , Seat_Capacity , R_id) VALUES(42,TO_DATE('2021-06-23','YYYY/MM/DD'),'11:44:11',21,4);
INSERT INTO Fall22_S001_6_Scheduler(S_id , S_Date , S_Time , Seat_Capacity , R_id) VALUES(43,TO_DATE('2021-07-28','YYYY/MM/DD'),'13:35:57',21,5);
INSERT INTO Fall22_S001_6_Scheduler(S_id , S_Date , S_Time , Seat_Capacity , R_id) VALUES(44,TO_DATE('2021-11-17','YYYY/MM/DD'),'14:16:54',4,6);
INSERT INTO Fall22_S001_6_Scheduler(S_id , S_Date , S_Time , Seat_Capacity , R_id) VALUES(45,TO_DATE('2021-06-29','YYYY/MM/DD'),'11:44:01',2,7);
INSERT INTO Fall22_S001_6_Scheduler(S_id , S_Date , S_Time , Seat_Capacity , R_id) VALUES(46,TO_DATE('2021-04-30','YYYY/MM/DD'),'13:04:08',8,8);
INSERT INTO Fall22_S001_6_Scheduler(S_id , S_Date , S_Time , Seat_Capacity , R_id) VALUES(47,TO_DATE('2021-09-16','YYYY/MM/DD'),'13:01:25',21,9);
INSERT INTO Fall22_S001_6_Scheduler(S_id , S_Date , S_Time , Seat_Capacity , R_id) VALUES(48,TO_DATE('2021-05-18','YYYY/MM/DD'),'13:58:09',9,10);
INSERT INTO Fall22_S001_6_Scheduler(S_id , S_Date , S_Time , Seat_Capacity , R_id) VALUES(49,TO_DATE('2021-10-15','YYYY/MM/DD'),'11:28:54',23,11);
INSERT INTO Fall22_S001_6_Scheduler(S_id , S_Date , S_Time , Seat_Capacity , R_id) VALUES(50,TO_DATE('2021-07-21','YYYY/MM/DD'),'13:52:01',12,12);
INSERT INTO Fall22_S001_6_Scheduler(S_id , S_Date , S_Time , Seat_Capacity , R_id) VALUES(51,TO_DATE('2021-09-10','YYYY/MM/DD'),'13:07:04',17,13);
INSERT INTO Fall22_S001_6_Scheduler(S_id , S_Date , S_Time , Seat_Capacity , R_id) VALUES(52,TO_DATE('2021-08-13','YYYY/MM/DD'),'12:26:55',4,14);
INSERT INTO Fall22_S001_6_Scheduler(S_id , S_Date , S_Time , Seat_Capacity , R_id) VALUES(53,TO_DATE('2021-05-09','YYYY/MM/DD'),'12:59:27',13,15);
INSERT INTO Fall22_S001_6_Scheduler(S_id , S_Date , S_Time , Seat_Capacity , R_id) VALUES(54,TO_DATE('2021-05-12','YYYY/MM/DD'),'11:30:05',2,16);
INSERT INTO Fall22_S001_6_Scheduler(S_id , S_Date , S_Time , Seat_Capacity , R_id) VALUES(55,TO_DATE('2021-07-11','YYYY/MM/DD'),'11:48:17',22,17);
INSERT INTO Fall22_S001_6_Scheduler(S_id , S_Date , S_Time , Seat_Capacity , R_id) VALUES(56,TO_DATE('2021-12-10','YYYY/MM/DD'),'14:55:42',10,18);
INSERT INTO Fall22_S001_6_Scheduler(S_id , S_Date , S_Time , Seat_Capacity , R_id) VALUES(57,TO_DATE('2021-08-23','YYYY/MM/DD'),'13:58:05',11,19);
INSERT INTO Fall22_S001_6_Scheduler(S_id , S_Date , S_Time , Seat_Capacity , R_id) VALUES(58,TO_DATE('2021-08-16','YYYY/MM/DD'),'14:23:19',13,20);
INSERT INTO Fall22_S001_6_Scheduler(S_id , S_Date , S_Time , Seat_Capacity , R_id) VALUES(59,TO_DATE('2021-06-02','YYYY/MM/DD'),'13:30:13',19,21);
INSERT INTO Fall22_S001_6_Scheduler(S_id , S_Date , S_Time , Seat_Capacity , R_id) VALUES(60,TO_DATE('2021-10-27','YYYY/MM/DD'),'11:44:09',3,22);
INSERT INTO Fall22_S001_6_Scheduler(S_id , S_Date , S_Time , Seat_Capacity , R_id) VALUES(61,TO_DATE('2021-05-19','YYYY/MM/DD'),'11:06:23',4,23);
INSERT INTO Fall22_S001_6_Scheduler(S_id , S_Date , S_Time , Seat_Capacity , R_id) VALUES(62,TO_DATE('2021-05-08','YYYY/MM/DD'),'11:10:00',16,24);
INSERT INTO Fall22_S001_6_Scheduler(S_id , S_Date , S_Time , Seat_Capacity , R_id) VALUES(63,TO_DATE('2021-04-08','YYYY/MM/DD'),'11:26:33',21,25);
INSERT INTO Fall22_S001_6_Scheduler(S_id , S_Date , S_Time , Seat_Capacity , R_id) VALUES(64,TO_DATE('2021-12-19','YYYY/MM/DD'),'13:32:28',7,26);
INSERT INTO Fall22_S001_6_Scheduler(S_id , S_Date , S_Time , Seat_Capacity , R_id) VALUES(65,TO_DATE('2021-09-15','YYYY/MM/DD'),'13:06:48',25,27);
INSERT INTO Fall22_S001_6_Scheduler(S_id , S_Date , S_Time , Seat_Capacity , R_id) VALUES(66,TO_DATE('2021-12-18','YYYY/MM/DD'),'12:02:46',4,28);
INSERT INTO Fall22_S001_6_Scheduler(S_id , S_Date , S_Time , Seat_Capacity , R_id) VALUES(67,TO_DATE('2021-07-02','YYYY/MM/DD'),'13:01:41',25,29);
INSERT INTO Fall22_S001_6_Scheduler(S_id , S_Date , S_Time , Seat_Capacity , R_id) VALUES(68,TO_DATE('2021-10-05','YYYY/MM/DD'),'11:39:47',2,30);
INSERT INTO Fall22_S001_6_Scheduler(S_id , S_Date , S_Time , Seat_Capacity , R_id) VALUES(69,TO_DATE('2021-09-16','YYYY/MM/DD'),'12:35:03',1,31);
INSERT INTO Fall22_S001_6_Scheduler(S_id , S_Date , S_Time , Seat_Capacity , R_id) VALUES(70,TO_DATE('2021-05-03','YYYY/MM/DD'),'11:47:30',2,32);
INSERT INTO Fall22_S001_6_Scheduler(S_id , S_Date , S_Time , Seat_Capacity , R_id) VALUES(71,TO_DATE('2021-12-23','YYYY/MM/DD'),'14:35:22',11,33);
INSERT INTO Fall22_S001_6_Scheduler(S_id , S_Date , S_Time , Seat_Capacity , R_id) VALUES(72,TO_DATE('2021-05-07','YYYY/MM/DD'),'14:48:12',1,34);
INSERT INTO Fall22_S001_6_Scheduler(S_id , S_Date , S_Time , Seat_Capacity , R_id) VALUES(73,TO_DATE('2021-04-23','YYYY/MM/DD'),'12:34:02',17,35);
INSERT INTO Fall22_S001_6_Scheduler(S_id , S_Date , S_Time , Seat_Capacity , R_id) VALUES(74,TO_DATE('2021-08-27','YYYY/MM/DD'),'13:26:09',12,36);


-- Query to insert into table Fall22_S001_6_Employee --


INSERT INTO Fall22_S001_6_Employee(E_id,Fname,Lname,Email,S_id)  VALUES (1,'Clarinda','Gardener','gardener8158@150mail.com',40);
INSERT INTO Fall22_S001_6_Employee(E_id,Fname,Lname,Email,S_id)  VALUES (2,'Francesco','Roach','roach8299@fastimap.com',39);
INSERT INTO Fall22_S001_6_Employee(E_id,Fname,Lname,Email,S_id)  VALUES (3,'Zina','Krueger','krueger5353@emailengine.org',38);
INSERT INTO Fall22_S001_6_Employee(E_id,Fname,Lname,Email,S_id)  VALUES (4,'Ted','Veerman','ted_veerman9139@fea.st',37);
INSERT INTO Fall22_S001_6_Employee(E_id,Fname,Lname,Email,S_id)  VALUES (5,'Rubi','Matthews','rubi1142@mailbolt.com',36);
INSERT INTO Fall22_S001_6_Employee(E_id,Fname,Lname,Email,S_id)  VALUES (6,'Maryland','Alexander','maryland7808@mailmight.com',35);
INSERT INTO Fall22_S001_6_Employee(E_id,Fname,Lname,Email,S_id)  VALUES (7,'Federico','de Vries','federico3736@123mail.org',34);
INSERT INTO Fall22_S001_6_Employee(E_id,Fname,Lname,Email,S_id)  VALUES (8,'William','Sanders','william_sanders445@ssl-mail.com',33);
INSERT INTO Fall22_S001_6_Employee(E_id,Fname,Lname,Email,S_id)  VALUES (9,'Anjelica','Watts','watts4617@fmailbox.com',32);
INSERT INTO Fall22_S001_6_Employee(E_id,Fname,Lname,Email,S_id)  VALUES (10,'Marion','Oconnell','oconnell901@mm.st',31);
INSERT INTO Fall22_S001_6_Employee(E_id,Fname,Lname,Email,S_id)  VALUES (11,'Amelia','Miller','amelia_miller8015@promessage.com',30);
INSERT INTO Fall22_S001_6_Employee(E_id,Fname,Lname,Email,S_id)  VALUES (12,'Chere','Gates','gates5619@internetmailing.net',29);
INSERT INTO Fall22_S001_6_Employee(E_id,Fname,Lname,Email,S_id)  VALUES (13,'Camille','Giles','camille_giles6655@your-mail.com',28);
INSERT INTO Fall22_S001_6_Employee(E_id,Fname,Lname,Email,S_id)  VALUES (14,'Kiesha','Olsen','olsen6869@fastest.cc',27);
INSERT INTO Fall22_S001_6_Employee(E_id,Fname,Lname,Email,S_id)  VALUES (15,'Jason','Knox','jason_knox9474@fastimap.com',26);
INSERT INTO Fall22_S001_6_Employee(E_id,Fname,Lname,Email,S_id)  VALUES (16,'Leonard','Neville','neville1456@mailcan.com',25);
INSERT INTO Fall22_S001_6_Employee(E_id,Fname,Lname,Email,S_id)  VALUES (17,'Maximo','Mchoul','maximo_mchoul233@ownmail.net',24);
INSERT INTO Fall22_S001_6_Employee(E_id,Fname,Lname,Email,S_id)  VALUES (18,'Suzann','van Winzum','suzann7569@mailservice.ms',23);
INSERT INTO Fall22_S001_6_Employee(E_id,Fname,Lname,Email,S_id)  VALUES (19,'Efrain','Gill','efrain_gill3202@emailengine.org',22);
INSERT INTO Fall22_S001_6_Employee(E_id,Fname,Lname,Email,S_id)  VALUES (20,'Jamison','Herman','herman1563@mailc.net',21);
INSERT INTO Fall22_S001_6_Employee(E_id,Fname,Lname,Email,S_id)  VALUES (21,'Parker','van der Vooren','parker1034@inoutbox.com',20);
INSERT INTO Fall22_S001_6_Employee(E_id,Fname,Lname,Email,S_id)  VALUES (22,'Garret','Bolton','bolton3027@mailingaddress.org',19);
INSERT INTO Fall22_S001_6_Employee(E_id,Fname,Lname,Email,S_id)  VALUES (23,'Terica','Boeff','boeff4815@fast-email.com',18);
INSERT INTO Fall22_S001_6_Employee(E_id,Fname,Lname,Email,S_id)  VALUES (24,'Claudette','Ewing','claudette7693@internetmailing.net',17);
INSERT INTO Fall22_S001_6_Employee(E_id,Fname,Lname,Email,S_id)  VALUES (25,'Rheba','Walker','walker7531@fastmessaging.com',16);
INSERT INTO Fall22_S001_6_Employee(E_id,Fname,Lname,Email,S_id)  VALUES (26,'Altagracia','Veltkamp','veltkamp2537@mailforce.net',15);
INSERT INTO Fall22_S001_6_Employee(E_id,Fname,Lname,Email,S_id)  VALUES (27,'Milagros','Pennington','milagros_pennington9243@internetmailing.net',14);
INSERT INTO Fall22_S001_6_Employee(E_id,Fname,Lname,Email,S_id)  VALUES (28,'Maye','Konijn','konijn8060@reallyfast.biz',13);
INSERT INTO Fall22_S001_6_Employee(E_id,Fname,Lname,Email,S_id)  VALUES (29,'Allan','Dirks','dirks2860@fastmessaging.com',12);
INSERT INTO Fall22_S001_6_Employee(E_id,Fname,Lname,Email,S_id)  VALUES (30,'Jerold','van Rorincx','vanrorincx8338@fastimap.com',11);
INSERT INTO Fall22_S001_6_Employee(E_id,Fname,Lname,Email,S_id)  VALUES (31,'Benny','Asselman','benny_asselman5014@f-m.fm',10);
INSERT INTO Fall22_S001_6_Employee(E_id,Fname,Lname,Email,S_id)  VALUES (32,'Galen','Grandia','galen_grandia6905@airpost.net',9);
INSERT INTO Fall22_S001_6_Employee(E_id,Fname,Lname,Email,S_id)  VALUES (33,'Marie','van Zijderveld','marie110@fastmail.es',8);
INSERT INTO Fall22_S001_6_Employee(E_id,Fname,Lname,Email,S_id)  VALUES (34,'Julius','Mcclain','julius8978@jetemail.net',7);
INSERT INTO Fall22_S001_6_Employee(E_id,Fname,Lname,Email,S_id)  VALUES (35,'Leanora','Pollard','pollard6442@h-mail.us',6);
INSERT INTO Fall22_S001_6_Employee(E_id,Fname,Lname,Email,S_id)  VALUES (36,'Raphael','Spijker','raphael8065@ssl-mail.com',5);
INSERT INTO Fall22_S001_6_Employee(E_id,Fname,Lname,Email,S_id)  VALUES (37,'Nichol','Dixon','nichol_dixon733@emailplus.org',4);
INSERT INTO Fall22_S001_6_Employee(E_id,Fname,Lname,Email,S_id)  VALUES (38,'Ken','Batenburg','ken4145@fastmail.cn',3);
INSERT INTO Fall22_S001_6_Employee(E_id,Fname,Lname,Email,S_id)  VALUES (39,'Eliza','Whitney','eliza_whitney1947@fea.st',2);
INSERT INTO Fall22_S001_6_Employee(E_id,Fname,Lname,Email,S_id)  VALUES (40,'Francis','Morales','francis_morales5635@fast-email.com',1);
INSERT INTO Fall22_S001_6_Employee(E_id,Fname,Lname,Email,S_id)  VALUES (41,'Amber','Wilson','a.wilson@randatmail.com',41);
INSERT INTO Fall22_S001_6_Employee(E_id,Fname,Lname,Email,S_id)  VALUES (42,'Amelia','Stewart','a.stewart@randatmail.com',42);
INSERT INTO Fall22_S001_6_Employee(E_id,Fname,Lname,Email,S_id)  VALUES (43,'Spike','Elliott','s.elliott@randatmail.com',43);
INSERT INTO Fall22_S001_6_Employee(E_id,Fname,Lname,Email,S_id)  VALUES (44,'Lenny','Allen','l.allen@randatmail.com',44);
INSERT INTO Fall22_S001_6_Employee(E_id,Fname,Lname,Email,S_id)  VALUES (45,'Frederick','Ellis','f.ellis@randatmail.com',45);
INSERT INTO Fall22_S001_6_Employee(E_id,Fname,Lname,Email,S_id)  VALUES (46,'Dominik','Jones','d.jones@randatmail.com',46);
INSERT INTO Fall22_S001_6_Employee(E_id,Fname,Lname,Email,S_id)  VALUES (47,'Daryl','Mason','d.mason@randatmail.com',47);
INSERT INTO Fall22_S001_6_Employee(E_id,Fname,Lname,Email,S_id)  VALUES (48,'Michelle','Payne','m.payne@randatmail.com',48);
INSERT INTO Fall22_S001_6_Employee(E_id,Fname,Lname,Email,S_id)  VALUES (49,'Lana','Evans','l.evans@randatmail.com',49);
INSERT INTO Fall22_S001_6_Employee(E_id,Fname,Lname,Email,S_id)  VALUES (50,'Eleanor','Hunt','e.hunt@randatmail.com',50);
INSERT INTO Fall22_S001_6_Employee(E_id,Fname,Lname,Email,S_id)  VALUES (51,'Sawyer','Spencer','s.spencer@randatmail.com',51);
INSERT INTO Fall22_S001_6_Employee(E_id,Fname,Lname,Email,S_id)  VALUES (52,'Ted','Edwards','t.edwards@randatmail.com',52);
INSERT INTO Fall22_S001_6_Employee(E_id,Fname,Lname,Email,S_id)  VALUES (53,'Stuart','Perry','s.perry@randatmail.com',53);
INSERT INTO Fall22_S001_6_Employee(E_id,Fname,Lname,Email,S_id)  VALUES (54,'Arianna','Mitchell','a.mitchell@randatmail.com',54);
INSERT INTO Fall22_S001_6_Employee(E_id,Fname,Lname,Email,S_id)  VALUES (55,'Amy','Crawford','a.crawford@randatmail.com',55);
INSERT INTO Fall22_S001_6_Employee(E_id,Fname,Lname,Email,S_id)  VALUES (56,'Jack','Mitchell','j.mitchell@randatmail.com',56);
INSERT INTO Fall22_S001_6_Employee(E_id,Fname,Lname,Email,S_id)  VALUES (57,'Naomi','Jones','n.jones@randatmail.com',57);
INSERT INTO Fall22_S001_6_Employee(E_id,Fname,Lname,Email,S_id)  VALUES (58,'Derek','Douglas','d.douglas@randatmail.com',58);
INSERT INTO Fall22_S001_6_Employee(E_id,Fname,Lname,Email,S_id)  VALUES (59,'Thomas','Rogers','t.rogers@randatmail.com',59);
INSERT INTO Fall22_S001_6_Employee(E_id,Fname,Lname,Email,S_id)  VALUES (60,'Aida','Scott','a.scott@randatmail.com',60);
INSERT INTO Fall22_S001_6_Employee(E_id,Fname,Lname,Email,S_id)  VALUES (61,'Sarah','Johnson','s.johnson@randatmail.com',61);
INSERT INTO Fall22_S001_6_Employee(E_id,Fname,Lname,Email,S_id)  VALUES (62,'Cadie','Wells','c.wells@randatmail.com',62);
INSERT INTO Fall22_S001_6_Employee(E_id,Fname,Lname,Email,S_id)  VALUES (63,'Lucas','Thomas','l.thomas@randatmail.com',63);
INSERT INTO Fall22_S001_6_Employee(E_id,Fname,Lname,Email,S_id)  VALUES (64,'Sienna','Jones','s.jones@randatmail.com',64);
INSERT INTO Fall22_S001_6_Employee(E_id,Fname,Lname,Email,S_id)  VALUES (65,'Adam','Chapman','a.chapman@randatmail.com',65);
INSERT INTO Fall22_S001_6_Employee(E_id,Fname,Lname,Email,S_id)  VALUES (66,'Audrey','Allen','a.allen@randatmail.com',66);
INSERT INTO Fall22_S001_6_Employee(E_id,Fname,Lname,Email,S_id)  VALUES (67,'Emma','Ross','e.ross@randatmail.com',67);
INSERT INTO Fall22_S001_6_Employee(E_id,Fname,Lname,Email,S_id)  VALUES (68,'Audrey','Brown','a.brown@randatmail.com',68);
INSERT INTO Fall22_S001_6_Employee(E_id,Fname,Lname,Email,S_id)  VALUES (69,'Reid','Dixon','r.dixon@randatmail.com',69);
INSERT INTO Fall22_S001_6_Employee(E_id,Fname,Lname,Email,S_id)  VALUES (70,'Edward','Mitchell','e.mitchell@randatmail.com',70);
INSERT INTO Fall22_S001_6_Employee(E_id,Fname,Lname,Email,S_id)  VALUES (71,'Adam','Morrison','a.morrison@randatmail.com',71);
INSERT INTO Fall22_S001_6_Employee(E_id,Fname,Lname,Email,S_id)  VALUES (72,'Alberta','Henderson','a.henderson@randatmail.com',72);
INSERT INTO Fall22_S001_6_Employee(E_id,Fname,Lname,Email,S_id)  VALUES (73,'Penelope','Tucker','p.tucker@randatmail.com',73);
INSERT INTO Fall22_S001_6_Employee(E_id,Fname,Lname,Email,S_id)  VALUES (74,'Aiden','Mason','a.mason@randatmail.com',74);


-- Query to insert into table all22_S001_6_EmployeeContacts --


INSERT INTO Fall22_S001_6_EmployeeContacts(E_id,Contact)  VALUES (1,'532-1253-34');
INSERT INTO Fall22_S001_6_EmployeeContacts(E_id,Contact)  VALUES (2,'118-2641-26');
INSERT INTO Fall22_S001_6_EmployeeContacts(E_id,Contact)  VALUES (3,'683-9759-77');
INSERT INTO Fall22_S001_6_EmployeeContacts(E_id,Contact)  VALUES (4,'999-4149-44');
INSERT INTO Fall22_S001_6_EmployeeContacts(E_id,Contact)  VALUES (5,'153-2237-08');
INSERT INTO Fall22_S001_6_EmployeeContacts(E_id,Contact)  VALUES (6,'744-3273-83');
INSERT INTO Fall22_S001_6_EmployeeContacts(E_id,Contact)  VALUES (7,'173-0743-91');
INSERT INTO Fall22_S001_6_EmployeeContacts(E_id,Contact)  VALUES (8,'383-4443-63');
INSERT INTO Fall22_S001_6_EmployeeContacts(E_id,Contact)  VALUES (9,'812-5806-29');
INSERT INTO Fall22_S001_6_EmployeeContacts(E_id,Contact)  VALUES (10,'539-6115-61');
INSERT INTO Fall22_S001_6_EmployeeContacts(E_id,Contact)  VALUES (11,'965-0703-89');
INSERT INTO Fall22_S001_6_EmployeeContacts(E_id,Contact)  VALUES (12,'681-8938-72');
INSERT INTO Fall22_S001_6_EmployeeContacts(E_id,Contact)  VALUES (13,'343-4109-33');
INSERT INTO Fall22_S001_6_EmployeeContacts(E_id,Contact)  VALUES (14,'014-8475-34');
INSERT INTO Fall22_S001_6_EmployeeContacts(E_id,Contact)  VALUES (15,'690-1915-79');
INSERT INTO Fall22_S001_6_EmployeeContacts(E_id,Contact)  VALUES (16,'377-0342-93');
INSERT INTO Fall22_S001_6_EmployeeContacts(E_id,Contact)  VALUES (17,'805-5502-78');
INSERT INTO Fall22_S001_6_EmployeeContacts(E_id,Contact)  VALUES (18,'669-7391-42');
INSERT INTO Fall22_S001_6_EmployeeContacts(E_id,Contact)  VALUES (19,'398-6533-07');
INSERT INTO Fall22_S001_6_EmployeeContacts(E_id,Contact)  VALUES (20,'065-0102-49');
INSERT INTO Fall22_S001_6_EmployeeContacts(E_id,Contact)  VALUES (21,'175-7222-10');
INSERT INTO Fall22_S001_6_EmployeeContacts(E_id,Contact)  VALUES (22,'661-7707-38');
INSERT INTO Fall22_S001_6_EmployeeContacts(E_id,Contact)  VALUES (23,'782-2484-36');
INSERT INTO Fall22_S001_6_EmployeeContacts(E_id,Contact)  VALUES (24,'287-8144-66');
INSERT INTO Fall22_S001_6_EmployeeContacts(E_id,Contact)  VALUES (25,'914-5425-10');
INSERT INTO Fall22_S001_6_EmployeeContacts(E_id,Contact)  VALUES (26,'042-4759-19');
INSERT INTO Fall22_S001_6_EmployeeContacts(E_id,Contact)  VALUES (27,'684-8806-35');
INSERT INTO Fall22_S001_6_EmployeeContacts(E_id,Contact)  VALUES (28,'811-1292-93');
INSERT INTO Fall22_S001_6_EmployeeContacts(E_id,Contact)  VALUES (29,'657-6030-36');
INSERT INTO Fall22_S001_6_EmployeeContacts(E_id,Contact)  VALUES (30,'202-6634-81');
INSERT INTO Fall22_S001_6_EmployeeContacts(E_id,Contact)  VALUES (31,'230-8991-61');
INSERT INTO Fall22_S001_6_EmployeeContacts(E_id,Contact)  VALUES (32,'661-2899-58');
INSERT INTO Fall22_S001_6_EmployeeContacts(E_id,Contact)  VALUES (33,'644-2023-51');
INSERT INTO Fall22_S001_6_EmployeeContacts(E_id,Contact)  VALUES (34,'259-1314-96');
INSERT INTO Fall22_S001_6_EmployeeContacts(E_id,Contact)  VALUES (35,'006-2973-61');
INSERT INTO Fall22_S001_6_EmployeeContacts(E_id,Contact)  VALUES (36,'645-5107-43');
INSERT INTO Fall22_S001_6_EmployeeContacts(E_id,Contact)  VALUES (37,'970-6668-95');
INSERT INTO Fall22_S001_6_EmployeeContacts(E_id,Contact)  VALUES (38,'336-5137-91');
INSERT INTO Fall22_S001_6_EmployeeContacts(E_id,Contact)  VALUES (39,'495-7519-86');
INSERT INTO Fall22_S001_6_EmployeeContacts(E_id,Contact)  VALUES (40,'283-1656-85');
INSERT INTO Fall22_S001_6_EmployeeContacts(E_id,Contact)  VALUES (41,'871-9891-82');
INSERT INTO Fall22_S001_6_EmployeeContacts(E_id,Contact)  VALUES (42,'213-6689-14');
INSERT INTO Fall22_S001_6_EmployeeContacts(E_id,Contact)  VALUES (43,'268-2378-55');
INSERT INTO Fall22_S001_6_EmployeeContacts(E_id,Contact)  VALUES (44,'250-0838-02');
INSERT INTO Fall22_S001_6_EmployeeContacts(E_id,Contact)  VALUES (45,'438-5703-10');
INSERT INTO Fall22_S001_6_EmployeeContacts(E_id,Contact)  VALUES (46,'951-3648-24');
INSERT INTO Fall22_S001_6_EmployeeContacts(E_id,Contact)  VALUES (47,'555-2796-64');
INSERT INTO Fall22_S001_6_EmployeeContacts(E_id,Contact)  VALUES (48,'465-8616-58');
INSERT INTO Fall22_S001_6_EmployeeContacts(E_id,Contact)  VALUES (49,'352-5569-33');
INSERT INTO Fall22_S001_6_EmployeeContacts(E_id,Contact)  VALUES (50,'752-6295-16');
INSERT INTO Fall22_S001_6_EmployeeContacts(E_id,Contact)  VALUES (51,'667-7810-40');
INSERT INTO Fall22_S001_6_EmployeeContacts(E_id,Contact)  VALUES (52,'579-8763-52');
INSERT INTO Fall22_S001_6_EmployeeContacts(E_id,Contact)  VALUES (53,'807-6811-38');
INSERT INTO Fall22_S001_6_EmployeeContacts(E_id,Contact)  VALUES (54,'109-0031-89');
INSERT INTO Fall22_S001_6_EmployeeContacts(E_id,Contact)  VALUES (55,'904-6049-60');
INSERT INTO Fall22_S001_6_EmployeeContacts(E_id,Contact)  VALUES (56,'555-6476-59');
INSERT INTO Fall22_S001_6_EmployeeContacts(E_id,Contact)  VALUES (57,'865-4120-11');
INSERT INTO Fall22_S001_6_EmployeeContacts(E_id,Contact)  VALUES (58,'339-4828-22');
INSERT INTO Fall22_S001_6_EmployeeContacts(E_id,Contact)  VALUES (59,'373-3778-14');
INSERT INTO Fall22_S001_6_EmployeeContacts(E_id,Contact)  VALUES (60,'874-5823-42');
INSERT INTO Fall22_S001_6_EmployeeContacts(E_id,Contact)  VALUES (61,'118-5782-77');
INSERT INTO Fall22_S001_6_EmployeeContacts(E_id,Contact)  VALUES (62,'506-5038-43');
INSERT INTO Fall22_S001_6_EmployeeContacts(E_id,Contact)  VALUES (63,'401-6346-68');
INSERT INTO Fall22_S001_6_EmployeeContacts(E_id,Contact)  VALUES (64,'065-0943-77');
INSERT INTO Fall22_S001_6_EmployeeContacts(E_id,Contact)  VALUES (65,'199-7307-53');
INSERT INTO Fall22_S001_6_EmployeeContacts(E_id,Contact)  VALUES (66,'552-3284-52');
INSERT INTO Fall22_S001_6_EmployeeContacts(E_id,Contact)  VALUES (67,'006-2300-81');
INSERT INTO Fall22_S001_6_EmployeeContacts(E_id,Contact)  VALUES (68,'108-5911-58');
INSERT INTO Fall22_S001_6_EmployeeContacts(E_id,Contact)  VALUES (69,'636-2197-21');
INSERT INTO Fall22_S001_6_EmployeeContacts(E_id,Contact)  VALUES (70,'889-3188-17');
INSERT INTO Fall22_S001_6_EmployeeContacts(E_id,Contact)  VALUES (71,'798-0133-35');
INSERT INTO Fall22_S001_6_EmployeeContacts(E_id,Contact)  VALUES (72,'245-6404-02');
INSERT INTO Fall22_S001_6_EmployeeContacts(E_id,Contact)  VALUES (73,'942-4087-82');
INSERT INTO Fall22_S001_6_EmployeeContacts(E_id,Contact)  VALUES (74,'769-3458-09');
INSERT INTO Fall22_S001_6_EmployeeContacts(E_id,Contact)  VALUES (1,'396-5415-57');
INSERT INTO Fall22_S001_6_EmployeeContacts(E_id,Contact)  VALUES (2,'271-9973-01');
INSERT INTO Fall22_S001_6_EmployeeContacts(E_id,Contact)  VALUES (3,'276-1386-73');
INSERT INTO Fall22_S001_6_EmployeeContacts(E_id,Contact)  VALUES (4,'078-0932-33');
INSERT INTO Fall22_S001_6_EmployeeContacts(E_id,Contact)  VALUES (5,'154-5404-75');
INSERT INTO Fall22_S001_6_EmployeeContacts(E_id,Contact)  VALUES (6,'901-3189-47');
INSERT INTO Fall22_S001_6_EmployeeContacts(E_id,Contact)  VALUES (7,'175-1838-96');
INSERT INTO Fall22_S001_6_EmployeeContacts(E_id,Contact)  VALUES (8,'391-6069-27');
INSERT INTO Fall22_S001_6_EmployeeContacts(E_id,Contact)  VALUES (9,'868-6505-64');
INSERT INTO Fall22_S001_6_EmployeeContacts(E_id,Contact)  VALUES (10,'189-5430-56');
INSERT INTO Fall22_S001_6_EmployeeContacts(E_id,Contact)  VALUES (11,'027-5802-17');
INSERT INTO Fall22_S001_6_EmployeeContacts(E_id,Contact)  VALUES (12,'688-3810-54');
INSERT INTO Fall22_S001_6_EmployeeContacts(E_id,Contact)  VALUES (13,'555-3960-34');
INSERT INTO Fall22_S001_6_EmployeeContacts(E_id,Contact)  VALUES (14,'599-7396-41');
INSERT INTO Fall22_S001_6_EmployeeContacts(E_id,Contact)  VALUES (15,'038-4174-59');
INSERT INTO Fall22_S001_6_EmployeeContacts(E_id,Contact)  VALUES (16,'701-0928-83');
INSERT INTO Fall22_S001_6_EmployeeContacts(E_id,Contact)  VALUES (17,'053-5208-99');
INSERT INTO Fall22_S001_6_EmployeeContacts(E_id,Contact)  VALUES (18,'568-4776-77');
INSERT INTO Fall22_S001_6_EmployeeContacts(E_id,Contact)  VALUES (19,'489-9723-31');
INSERT INTO Fall22_S001_6_EmployeeContacts(E_id,Contact)  VALUES (20,'851-4352-62');
INSERT INTO Fall22_S001_6_EmployeeContacts(E_id,Contact)  VALUES (21,'337-6793-86');
INSERT INTO Fall22_S001_6_EmployeeContacts(E_id,Contact)  VALUES (22,'696-2129-26');
INSERT INTO Fall22_S001_6_EmployeeContacts(E_id,Contact)  VALUES (23,'061-3478-58');
INSERT INTO Fall22_S001_6_EmployeeContacts(E_id,Contact)  VALUES (24,'938-1578-32');
INSERT INTO Fall22_S001_6_EmployeeContacts(E_id,Contact)  VALUES (25,'382-8725-84');
INSERT INTO Fall22_S001_6_EmployeeContacts(E_id,Contact)  VALUES (26,'729-8265-10');


-- Query to insert into table Fall22_S001_6_Ticket --


INSERT INTO Fall22_S001_6_Ticket ( T_ID,MODE_OF_BOOKING,S_ID,P_ID) VALUES(300,'ZELLE',1,19);
INSERT INTO Fall22_S001_6_Ticket ( T_ID,MODE_OF_BOOKING,S_ID,P_ID) VALUES(301,'ZELLE',24,57);
INSERT INTO Fall22_S001_6_Ticket ( T_ID,MODE_OF_BOOKING,S_ID,P_ID) VALUES(302,'ZELLE',3,8);
INSERT INTO Fall22_S001_6_Ticket ( T_ID,MODE_OF_BOOKING,S_ID,P_ID) VALUES(303,'ZELLE',4,49);
INSERT INTO Fall22_S001_6_Ticket ( T_ID,MODE_OF_BOOKING,S_ID,P_ID) VALUES(304,'ZELLE',5,32);
INSERT INTO Fall22_S001_6_Ticket ( T_ID,MODE_OF_BOOKING,S_ID,P_ID) VALUES(305,'ZELLE',24,4);
INSERT INTO Fall22_S001_6_Ticket ( T_ID,MODE_OF_BOOKING,S_ID,P_ID) VALUES(306,'ZELLE',7,19);
INSERT INTO Fall22_S001_6_Ticket ( T_ID,MODE_OF_BOOKING,S_ID,P_ID) VALUES(307,'ZELLE',8,54);
INSERT INTO Fall22_S001_6_Ticket ( T_ID,MODE_OF_BOOKING,S_ID,P_ID) VALUES(308,'ZELLE',9,25);
INSERT INTO Fall22_S001_6_Ticket ( T_ID,MODE_OF_BOOKING,S_ID,P_ID) VALUES(309,'ZELLE',1,65);
INSERT INTO Fall22_S001_6_Ticket ( T_ID,MODE_OF_BOOKING,S_ID,P_ID) VALUES(310,'ZELLE',11,68);
INSERT INTO Fall22_S001_6_Ticket ( T_ID,MODE_OF_BOOKING,S_ID,P_ID) VALUES(311,'ZELLE',12,22);
INSERT INTO Fall22_S001_6_Ticket ( T_ID,MODE_OF_BOOKING,S_ID,P_ID) VALUES(312,'ZELLE',13,12);
INSERT INTO Fall22_S001_6_Ticket ( T_ID,MODE_OF_BOOKING,S_ID,P_ID) VALUES(313,'ZELLE',14,7);
INSERT INTO Fall22_S001_6_Ticket ( T_ID,MODE_OF_BOOKING,S_ID,P_ID) VALUES(314,'ZELLE',24,6);
INSERT INTO Fall22_S001_6_Ticket ( T_ID,MODE_OF_BOOKING,S_ID,P_ID) VALUES(315,'ZELLE',16,19);
INSERT INTO Fall22_S001_6_Ticket ( T_ID,MODE_OF_BOOKING,S_ID,P_ID) VALUES(316,'ZELLE',1,62);
INSERT INTO Fall22_S001_6_Ticket ( T_ID,MODE_OF_BOOKING,S_ID,P_ID) VALUES(317,'ZELLE',18,49);
INSERT INTO Fall22_S001_6_Ticket ( T_ID,MODE_OF_BOOKING,S_ID,P_ID) VALUES(318,'ZELLE',19,5);
INSERT INTO Fall22_S001_6_Ticket ( T_ID,MODE_OF_BOOKING,S_ID,P_ID) VALUES(319,'ZELLE',20,9);
INSERT INTO Fall22_S001_6_Ticket ( T_ID,MODE_OF_BOOKING,S_ID,P_ID) VALUES(320,'ZELLE',21,56);
INSERT INTO Fall22_S001_6_Ticket ( T_ID,MODE_OF_BOOKING,S_ID,P_ID) VALUES(321,'ZELLE',1,28);
INSERT INTO Fall22_S001_6_Ticket ( T_ID,MODE_OF_BOOKING,S_ID,P_ID) VALUES(322,'ZELLE',23,26);
INSERT INTO Fall22_S001_6_Ticket ( T_ID,MODE_OF_BOOKING,S_ID,P_ID) VALUES(323,'ZELLE',68,12);
INSERT INTO Fall22_S001_6_Ticket ( T_ID,MODE_OF_BOOKING,S_ID,P_ID) VALUES(324,'ZELLE',24,26);
INSERT INTO Fall22_S001_6_Ticket ( T_ID,MODE_OF_BOOKING,S_ID,P_ID) VALUES(325,'ZELLE',1,1);
INSERT INTO Fall22_S001_6_Ticket ( T_ID,MODE_OF_BOOKING,S_ID,P_ID) VALUES(326,'ZELLE',27,64);
INSERT INTO Fall22_S001_6_Ticket ( T_ID,MODE_OF_BOOKING,S_ID,P_ID) VALUES(327,'ZELLE',28,57);
INSERT INTO Fall22_S001_6_Ticket ( T_ID,MODE_OF_BOOKING,S_ID,P_ID) VALUES(328,'ZELLE',29,53);
INSERT INTO Fall22_S001_6_Ticket ( T_ID,MODE_OF_BOOKING,S_ID,P_ID) VALUES(329,'ZELLE',30,59);
INSERT INTO Fall22_S001_6_Ticket ( T_ID,MODE_OF_BOOKING,S_ID,P_ID) VALUES(330,'ZELLE',24,31);
INSERT INTO Fall22_S001_6_Ticket ( T_ID,MODE_OF_BOOKING,S_ID,P_ID) VALUES(331,'ZELLE',32,34);
INSERT INTO Fall22_S001_6_Ticket ( T_ID,MODE_OF_BOOKING,S_ID,P_ID) VALUES(332,'ZELLE',33,40);
INSERT INTO Fall22_S001_6_Ticket ( T_ID,MODE_OF_BOOKING,S_ID,P_ID) VALUES(333,'ZELLE',34,25);
INSERT INTO Fall22_S001_6_Ticket ( T_ID,MODE_OF_BOOKING,S_ID,P_ID) VALUES(334,'ZELLE',35,19);
INSERT INTO Fall22_S001_6_Ticket ( T_ID,MODE_OF_BOOKING,S_ID,P_ID) VALUES(335,'ZELLE',36,19);
INSERT INTO Fall22_S001_6_Ticket ( T_ID,MODE_OF_BOOKING,S_ID,P_ID) VALUES(336,'ZELLE',37,58);
INSERT INTO Fall22_S001_6_Ticket ( T_ID,MODE_OF_BOOKING,S_ID,P_ID) VALUES(337,'ZELLE',38,16);
INSERT INTO Fall22_S001_6_Ticket ( T_ID,MODE_OF_BOOKING,S_ID,P_ID) VALUES(338,'ZELLE',39,17);
INSERT INTO Fall22_S001_6_Ticket ( T_ID,MODE_OF_BOOKING,S_ID,P_ID) VALUES(339,'ZELLE',68,1);
INSERT INTO Fall22_S001_6_Ticket ( T_ID,MODE_OF_BOOKING,S_ID,P_ID) VALUES(340,'ZELLE',41,6);
INSERT INTO Fall22_S001_6_Ticket ( T_ID,MODE_OF_BOOKING,S_ID,P_ID) VALUES(341,'ZELLE',42,74);
INSERT INTO Fall22_S001_6_Ticket ( T_ID,MODE_OF_BOOKING,S_ID,P_ID) VALUES(342,'ZELLE',43,60);
INSERT INTO Fall22_S001_6_Ticket ( T_ID,MODE_OF_BOOKING,S_ID,P_ID) VALUES(343,'ZELLE',44,11);
INSERT INTO Fall22_S001_6_Ticket ( T_ID,MODE_OF_BOOKING,S_ID,P_ID) VALUES(344,'ZELLE',45,70);
INSERT INTO Fall22_S001_6_Ticket ( T_ID,MODE_OF_BOOKING,S_ID,P_ID) VALUES(345,'GPAY',46,70);
INSERT INTO Fall22_S001_6_Ticket ( T_ID,MODE_OF_BOOKING,S_ID,P_ID) VALUES(346,'GPAY',47,29);
INSERT INTO Fall22_S001_6_Ticket ( T_ID,MODE_OF_BOOKING,S_ID,P_ID) VALUES(347,'GPAY',48,30);
INSERT INTO Fall22_S001_6_Ticket ( T_ID,MODE_OF_BOOKING,S_ID,P_ID) VALUES(348,'GPAY',68,45);
INSERT INTO Fall22_S001_6_Ticket ( T_ID,MODE_OF_BOOKING,S_ID,P_ID) VALUES(349,'GPAY',50,52);
INSERT INTO Fall22_S001_6_Ticket ( T_ID,MODE_OF_BOOKING,S_ID,P_ID) VALUES(350,'GPAY',51,65);
INSERT INTO Fall22_S001_6_Ticket ( T_ID,MODE_OF_BOOKING,S_ID,P_ID) VALUES(351,'APPLEPE',52,25);
INSERT INTO Fall22_S001_6_Ticket ( T_ID,MODE_OF_BOOKING,S_ID,P_ID) VALUES(352,'APPLEPE',53,56);
INSERT INTO Fall22_S001_6_Ticket ( T_ID,MODE_OF_BOOKING,S_ID,P_ID) VALUES(353,'APPLEPE',54,60);
INSERT INTO Fall22_S001_6_Ticket ( T_ID,MODE_OF_BOOKING,S_ID,P_ID) VALUES(354,'APPLEPE',55,12);
INSERT INTO Fall22_S001_6_Ticket ( T_ID,MODE_OF_BOOKING,S_ID,P_ID) VALUES(355,'APPLEPE',68,14);
INSERT INTO Fall22_S001_6_Ticket ( T_ID,MODE_OF_BOOKING,S_ID,P_ID) VALUES(356,'APPLEPE',57,32);
INSERT INTO Fall22_S001_6_Ticket ( T_ID,MODE_OF_BOOKING,S_ID,P_ID) VALUES(357,'APPLEPE',59,13);
INSERT INTO Fall22_S001_6_Ticket ( T_ID,MODE_OF_BOOKING,S_ID,P_ID) VALUES(358,'APPLEPE',59,48);
INSERT INTO Fall22_S001_6_Ticket ( T_ID,MODE_OF_BOOKING,S_ID,P_ID) VALUES(359,'APPLEPE',60,69);
INSERT INTO Fall22_S001_6_Ticket ( T_ID,MODE_OF_BOOKING,S_ID,P_ID) VALUES(360,'APPLEPE',61,29);
INSERT INTO Fall22_S001_6_Ticket ( T_ID,MODE_OF_BOOKING,S_ID,P_ID) VALUES(361,'APPLEPE',62,40);
INSERT INTO Fall22_S001_6_Ticket ( T_ID,MODE_OF_BOOKING,S_ID,P_ID) VALUES(362,'APPLEPE',63,50);
INSERT INTO Fall22_S001_6_Ticket ( T_ID,MODE_OF_BOOKING,S_ID,P_ID) VALUES(363,'APPLEPE',68,20);
INSERT INTO Fall22_S001_6_Ticket ( T_ID,MODE_OF_BOOKING,S_ID,P_ID) VALUES(364,'CASHAPP',65,29);
INSERT INTO Fall22_S001_6_Ticket ( T_ID,MODE_OF_BOOKING,S_ID,P_ID) VALUES(365,'CASHAPP',66,19);
INSERT INTO Fall22_S001_6_Ticket ( T_ID,MODE_OF_BOOKING,S_ID,P_ID) VALUES(366,'CASHAPP',67,11);
INSERT INTO Fall22_S001_6_Ticket ( T_ID,MODE_OF_BOOKING,S_ID,P_ID) VALUES(367,'CASHAPP',68,10);
INSERT INTO Fall22_S001_6_Ticket ( T_ID,MODE_OF_BOOKING,S_ID,P_ID) VALUES(368,'CASHAPP',69,49);
INSERT INTO Fall22_S001_6_Ticket ( T_ID,MODE_OF_BOOKING,S_ID,P_ID) VALUES(369,'CASHAPP',70,1);
INSERT INTO Fall22_S001_6_Ticket ( T_ID,MODE_OF_BOOKING,S_ID,P_ID) VALUES(370,'CASHAPP',71,11);
INSERT INTO Fall22_S001_6_Ticket ( T_ID,MODE_OF_BOOKING,S_ID,P_ID) VALUES(371,'CASHAPP',72,50);
INSERT INTO Fall22_S001_6_Ticket ( T_ID,MODE_OF_BOOKING,S_ID,P_ID) VALUES(372,'CASHAPP',73,11);
INSERT INTO Fall22_S001_6_Ticket ( T_ID,MODE_OF_BOOKING,S_ID,P_ID) VALUES(373,'CASHAPP',74,71);


-- Query to insert into table Fall22_S001_6_Books --


INSERT INTO Fall22_S001_6_Books(T_id,T_Date,T_Time,No_Of_Tickets) VALUES (300,TO_DATE('2021-02-08','YYYY/MM/DD'),'14:43:37',1);
INSERT INTO Fall22_S001_6_Books(T_id,T_Date,T_Time,No_Of_Tickets) VALUES (301,TO_DATE('2021-02-23','YYYY/MM/DD'),'12:12:56',2);
INSERT INTO Fall22_S001_6_Books(T_id,T_Date,T_Time,No_Of_Tickets) VALUES (302,TO_DATE('2021-03-30','YYYY/MM/DD'),'13:23:09',3);
INSERT INTO Fall22_S001_6_Books(T_id,T_Date,T_Time,No_Of_Tickets) VALUES (303,TO_DATE('2021-01-24','YYYY/MM/DD'),'11:07:17',4);
INSERT INTO Fall22_S001_6_Books(T_id,T_Date,T_Time,No_Of_Tickets) VALUES (304,TO_DATE('2021-02-21','YYYY/MM/DD'),'11:57:07',1);
INSERT INTO Fall22_S001_6_Books(T_id,T_Date,T_Time,No_Of_Tickets) VALUES (305,TO_DATE('2021-03-29','YYYY/MM/DD'),'11:43:29',2);
INSERT INTO Fall22_S001_6_Books(T_id,T_Date,T_Time,No_Of_Tickets) VALUES (306,TO_DATE('2021-02-14','YYYY/MM/DD'),'12:56:32',3);
INSERT INTO Fall22_S001_6_Books(T_id,T_Date,T_Time,No_Of_Tickets) VALUES (307,TO_DATE('2021-01-16','YYYY/MM/DD'),'14:43:37',4);
INSERT INTO Fall22_S001_6_Books(T_id,T_Date,T_Time,No_Of_Tickets) VALUES (308,TO_DATE('2021-01-30','YYYY/MM/DD'),'13:23:09',1);
INSERT INTO Fall22_S001_6_Books(T_id,T_Date,T_Time,No_Of_Tickets) VALUES (309,TO_DATE('2021-03-25','YYYY/MM/DD'),'12:34:22',2);
INSERT INTO Fall22_S001_6_Books(T_id,T_Date,T_Time,No_Of_Tickets) VALUES (310,TO_DATE('2021-03-29','YYYY/MM/DD'),'14:21:48',3);
INSERT INTO Fall22_S001_6_Books(T_id,T_Date,T_Time,No_Of_Tickets) VALUES (311,TO_DATE('2021-02-28','YYYY/MM/DD'),'11:30:42',4);
INSERT INTO Fall22_S001_6_Books(T_id,T_Date,T_Time,No_Of_Tickets) VALUES (312,TO_DATE('2021-03-08','YYYY/MM/DD'),'13:48:42',1);
INSERT INTO Fall22_S001_6_Books(T_id,T_Date,T_Time,No_Of_Tickets) VALUES (313,TO_DATE('2021-03-08','YYYY/MM/DD'),'12:37:35',1);
INSERT INTO Fall22_S001_6_Books(T_id,T_Date,T_Time,No_Of_Tickets) VALUES (314,TO_DATE('2021-02-04','YYYY/MM/DD'),'12:53:10',2);
INSERT INTO Fall22_S001_6_Books(T_id,T_Date,T_Time,No_Of_Tickets) VALUES (315,TO_DATE('2021-01-20','YYYY/MM/DD'),'13:09:50',3);
INSERT INTO Fall22_S001_6_Books(T_id,T_Date,T_Time,No_Of_Tickets) VALUES (316,TO_DATE('2021-01-17','YYYY/MM/DD'),'12:12:24',4);
INSERT INTO Fall22_S001_6_Books(T_id,T_Date,T_Time,No_Of_Tickets) VALUES (317,TO_DATE('2021-02-26','YYYY/MM/DD'),'13:23:09',1);
INSERT INTO Fall22_S001_6_Books(T_id,T_Date,T_Time,No_Of_Tickets) VALUES (318,TO_DATE('2021-02-15','YYYY/MM/DD'),'14:43:37',2);
INSERT INTO Fall22_S001_6_Books(T_id,T_Date,T_Time,No_Of_Tickets) VALUES (319,TO_DATE('2021-02-22','YYYY/MM/DD'),'11:10:32',3);
INSERT INTO Fall22_S001_6_Books(T_id,T_Date,T_Time,No_Of_Tickets) VALUES (320,TO_DATE('2021-02-01','YYYY/MM/DD'),'14:05:26',4);
INSERT INTO Fall22_S001_6_Books(T_id,T_Date,T_Time,No_Of_Tickets) VALUES (321,TO_DATE('2021-03-23','YYYY/MM/DD'),'13:23:09',1);
INSERT INTO Fall22_S001_6_Books(T_id,T_Date,T_Time,No_Of_Tickets) VALUES (322,TO_DATE('2021-03-16','YYYY/MM/DD'),'11:32:07',2);
INSERT INTO Fall22_S001_6_Books(T_id,T_Date,T_Time,No_Of_Tickets) VALUES (323,TO_DATE('2021-04-08','YYYY/MM/DD'),'14:43:37',3);
INSERT INTO Fall22_S001_6_Books(T_id,T_Date,T_Time,No_Of_Tickets) VALUES (324,TO_DATE('2021-04-15','YYYY/MM/DD'),'12:48:33',4);
INSERT INTO Fall22_S001_6_Books(T_id,T_Date,T_Time,No_Of_Tickets) VALUES (325,TO_DATE('2021-04-14','YYYY/MM/DD'),'12:29:02',5);
INSERT INTO Fall22_S001_6_Books(T_id,T_Date,T_Time,No_Of_Tickets) VALUES (326,TO_DATE('2021-05-03','YYYY/MM/DD'),'12:38:30',1);
INSERT INTO Fall22_S001_6_Books(T_id,T_Date,T_Time,No_Of_Tickets) VALUES (327,TO_DATE('2021-05-06','YYYY/MM/DD'),'14:28:18',2);
INSERT INTO Fall22_S001_6_Books(T_id,T_Date,T_Time,No_Of_Tickets) VALUES (328,TO_DATE('2021-03-05','YYYY/MM/DD'),'11:11:45',3);
INSERT INTO Fall22_S001_6_Books(T_id,T_Date,T_Time,No_Of_Tickets) VALUES (329,TO_DATE('2021-01-06','YYYY/MM/DD'),'12:59:27',4);
INSERT INTO Fall22_S001_6_Books(T_id,T_Date,T_Time,No_Of_Tickets) VALUES (330,TO_DATE('2021-03-23','YYYY/MM/DD'),'11:57:39',5);
INSERT INTO Fall22_S001_6_Books(T_id,T_Date,T_Time,No_Of_Tickets) VALUES (331,TO_DATE('2021-03-02','YYYY/MM/DD'),'14:11:21',1);
INSERT INTO Fall22_S001_6_Books(T_id,T_Date,T_Time,No_Of_Tickets) VALUES (332,TO_DATE('2021-03-06','YYYY/MM/DD'),'14:43:36',2);
INSERT INTO Fall22_S001_6_Books(T_id,T_Date,T_Time,No_Of_Tickets) VALUES (333,TO_DATE('2021-03-12','YYYY/MM/DD'),'12:31:46',3);
INSERT INTO Fall22_S001_6_Books(T_id,T_Date,T_Time,No_Of_Tickets) VALUES (334,TO_DATE('2021-03-25','YYYY/MM/DD'),'12:07:17',4);
INSERT INTO Fall22_S001_6_Books(T_id,T_Date,T_Time,No_Of_Tickets) VALUES (335,TO_DATE('2021-02-14','YYYY/MM/DD'),'14:55:36',5);
INSERT INTO Fall22_S001_6_Books(T_id,T_Date,T_Time,No_Of_Tickets) VALUES (336,TO_DATE('2021-02-14','YYYY/MM/DD'),'14:18:32',1);
INSERT INTO Fall22_S001_6_Books(T_id,T_Date,T_Time,No_Of_Tickets) VALUES (337,TO_DATE('2021-01-01','YYYY/MM/DD'),'14:59:24',2);
INSERT INTO Fall22_S001_6_Books(T_id,T_Date,T_Time,No_Of_Tickets) VALUES (338,TO_DATE('2021-02-26','YYYY/MM/DD'),'12:46:06',3);
INSERT INTO Fall22_S001_6_Books(T_id,T_Date,T_Time,No_Of_Tickets) VALUES (339,TO_DATE('2021-01-18','YYYY/MM/DD'),'12:17:01',4);
INSERT INTO Fall22_S001_6_Books(T_id,T_Date,T_Time,No_Of_Tickets) VALUES (340,TO_DATE('2021-02-01','YYYY/MM/DD'),'13:53:37',5);
INSERT INTO Fall22_S001_6_Books(T_id,T_Date,T_Time,No_Of_Tickets) VALUES (341,TO_DATE('2021-03-27','YYYY/MM/DD'),'11:24:19',1);
INSERT INTO Fall22_S001_6_Books(T_id,T_Date,T_Time,No_Of_Tickets) VALUES (342,TO_DATE('2021-03-23','YYYY/MM/DD'),'11:52:49',2);
INSERT INTO Fall22_S001_6_Books(T_id,T_Date,T_Time,No_Of_Tickets) VALUES (343,TO_DATE('2021-01-16','YYYY/MM/DD'),'14:43:37',3);
INSERT INTO Fall22_S001_6_Books(T_id,T_Date,T_Time,No_Of_Tickets) VALUES (344,TO_DATE('2021-03-14','YYYY/MM/DD'),'11:18:34',4);
INSERT INTO Fall22_S001_6_Books(T_id,T_Date,T_Time,No_Of_Tickets) VALUES (345,TO_DATE('2021-03-17','YYYY/MM/DD'),'12:05:51',5);
INSERT INTO Fall22_S001_6_Books(T_id,T_Date,T_Time,No_Of_Tickets) VALUES (346,TO_DATE('2021-02-04','YYYY/MM/DD'),'12:07:17',1);
INSERT INTO Fall22_S001_6_Books(T_id,T_Date,T_Time,No_Of_Tickets) VALUES (347,TO_DATE('2021-03-28','YYYY/MM/DD'),'11:44:52',2);
INSERT INTO Fall22_S001_6_Books(T_id,T_Date,T_Time,No_Of_Tickets) VALUES (348,TO_DATE('2021-02-09','YYYY/MM/DD'),'13:50:58',3);
INSERT INTO Fall22_S001_6_Books(T_id,T_Date,T_Time,No_Of_Tickets) VALUES (349,TO_DATE('2021-03-10','YYYY/MM/DD'),'11:10:50',4);
INSERT INTO Fall22_S001_6_Books(T_id,T_Date,T_Time,No_Of_Tickets) VALUES (350,TO_DATE('2021-02-04','YYYY/MM/DD'),'12:49:15',5);
INSERT INTO Fall22_S001_6_Books(T_id,T_Date,T_Time,No_Of_Tickets) VALUES (351,TO_DATE('2021-03-07','YYYY/MM/DD'),'12:12:56',1);
INSERT INTO Fall22_S001_6_Books(T_id,T_Date,T_Time,No_Of_Tickets) VALUES (352,TO_DATE('2021-03-16','YYYY/MM/DD'),'14:29:10',2);
INSERT INTO Fall22_S001_6_Books(T_id,T_Date,T_Time,No_Of_Tickets) VALUES (353,TO_DATE('2021-01-07','YYYY/MM/DD'),'11:40:52',3);
INSERT INTO Fall22_S001_6_Books(T_id,T_Date,T_Time,No_Of_Tickets) VALUES (354,TO_DATE('2021-02-11','YYYY/MM/DD'),'14:37:03',4);
INSERT INTO Fall22_S001_6_Books(T_id,T_Date,T_Time,No_Of_Tickets) VALUES (355,TO_DATE('2021-01-18','YYYY/MM/DD'),'11:37:39',5);
INSERT INTO Fall22_S001_6_Books(T_id,T_Date,T_Time,No_Of_Tickets) VALUES (356,TO_DATE('2021-03-02','YYYY/MM/DD'),'11:40:52',1);
INSERT INTO Fall22_S001_6_Books(T_id,T_Date,T_Time,No_Of_Tickets) VALUES (357,TO_DATE('2021-03-11','YYYY/MM/DD'),'11:56:56',2);
INSERT INTO Fall22_S001_6_Books(T_id,T_Date,T_Time,No_Of_Tickets) VALUES (358,TO_DATE('2021-02-19','YYYY/MM/DD'),'13:01:10',3);
INSERT INTO Fall22_S001_6_Books(T_id,T_Date,T_Time,No_Of_Tickets) VALUES (359,TO_DATE('2021-01-22','YYYY/MM/DD'),'11:19:49',4);
INSERT INTO Fall22_S001_6_Books(T_id,T_Date,T_Time,No_Of_Tickets) VALUES (360,TO_DATE('2021-01-07','YYYY/MM/DD'),'14:56:31',5);
INSERT INTO Fall22_S001_6_Books(T_id,T_Date,T_Time,No_Of_Tickets) VALUES (361,TO_DATE('2021-03-21','YYYY/MM/DD'),'11:40:52',1);
INSERT INTO Fall22_S001_6_Books(T_id,T_Date,T_Time,No_Of_Tickets) VALUES (362,TO_DATE('2021-01-23','YYYY/MM/DD'),'13:58:28',2);
INSERT INTO Fall22_S001_6_Books(T_id,T_Date,T_Time,No_Of_Tickets) VALUES (363,TO_DATE('2021-01-09','YYYY/MM/DD'),'12:12:56',3);
INSERT INTO Fall22_S001_6_Books(T_id,T_Date,T_Time,No_Of_Tickets) VALUES (364,TO_DATE('2021-02-25','YYYY/MM/DD'),'13:51:19',2);
INSERT INTO Fall22_S001_6_Books(T_id,T_Date,T_Time,No_Of_Tickets) VALUES (365,TO_DATE('2021-01-12','YYYY/MM/DD'),'11:40:52',5);
INSERT INTO Fall22_S001_6_Books(T_id,T_Date,T_Time,No_Of_Tickets) VALUES (366,TO_DATE('2021-02-12','YYYY/MM/DD'),'14:21:19',1);
INSERT INTO Fall22_S001_6_Books(T_id,T_Date,T_Time,No_Of_Tickets) VALUES (367,TO_DATE('2021-02-11','YYYY/MM/DD'),'12:12:56',2);
INSERT INTO Fall22_S001_6_Books(T_id,T_Date,T_Time,No_Of_Tickets) VALUES (368,TO_DATE('2021-03-22','YYYY/MM/DD'),'11:40:52',3);
INSERT INTO Fall22_S001_6_Books(T_id,T_Date,T_Time,No_Of_Tickets) VALUES (369,TO_DATE('2021-01-02','YYYY/MM/DD'),'13:42:54',4);
INSERT INTO Fall22_S001_6_Books(T_id,T_Date,T_Time,No_Of_Tickets) VALUES (370,TO_DATE('2021-02-17','YYYY/MM/DD'),'11:57:11',3);
INSERT INTO Fall22_S001_6_Books(T_id,T_Date,T_Time,No_Of_Tickets) VALUES (371,TO_DATE('2021-02-02','YYYY/MM/DD'),'11:54:30',1);
INSERT INTO Fall22_S001_6_Books(T_id,T_Date,T_Time,No_Of_Tickets) VALUES (372,TO_DATE('2021-03-15','YYYY/MM/DD'),'13:56:20',1);
INSERT INTO Fall22_S001_6_Books(T_id,T_Date,T_Time,No_Of_Tickets) VALUES (373,TO_DATE('2021-02-16','YYYY/MM/DD'),'12:12:56',1);


-- Query to insert into table Fall22_S001_6_Bus --


INSERT INTO Fall22_S001_6_Bus  ( B_id, Type, S_id) VALUES (1,'AC',1);
INSERT INTO Fall22_S001_6_Bus  ( B_id, Type, S_id) VALUES (2,'AC',2);
INSERT INTO Fall22_S001_6_Bus  ( B_id, Type, S_id) VALUES (3,'AC',3);
INSERT INTO Fall22_S001_6_Bus  ( B_id, Type, S_id) VALUES (4,'AC',4);
INSERT INTO Fall22_S001_6_Bus  ( B_id, Type, S_id) VALUES (5,'AC',5);
INSERT INTO Fall22_S001_6_Bus  ( B_id, Type, S_id) VALUES (6,'AC',6);
INSERT INTO Fall22_S001_6_Bus  ( B_id, Type, S_id) VALUES (7,'AC',7);
INSERT INTO Fall22_S001_6_Bus  ( B_id, Type, S_id) VALUES (8,'AC',8);
INSERT INTO Fall22_S001_6_Bus  ( B_id, Type, S_id) VALUES (9,'AC',9);
INSERT INTO Fall22_S001_6_Bus  ( B_id, Type, S_id) VALUES (10,'AC',10);
INSERT INTO Fall22_S001_6_Bus  ( B_id, Type, S_id) VALUES (11,'AC',11);
INSERT INTO Fall22_S001_6_Bus  ( B_id, Type, S_id) VALUES (12,'AC',12);
INSERT INTO Fall22_S001_6_Bus  ( B_id, Type, S_id) VALUES (13,'AC',13);
INSERT INTO Fall22_S001_6_Bus  ( B_id, Type, S_id) VALUES (14,'AC',14);
INSERT INTO Fall22_S001_6_Bus  ( B_id, Type, S_id) VALUES (15,'AC',15);
INSERT INTO Fall22_S001_6_Bus  ( B_id, Type, S_id) VALUES (16,'AC',16);
INSERT INTO Fall22_S001_6_Bus  ( B_id, Type, S_id) VALUES (17,'AC',17);
INSERT INTO Fall22_S001_6_Bus  ( B_id, Type, S_id) VALUES (18,'AC',18);
INSERT INTO Fall22_S001_6_Bus  ( B_id, Type, S_id) VALUES (19,'AC',19);
INSERT INTO Fall22_S001_6_Bus  ( B_id, Type, S_id) VALUES (20,'AC',20);
INSERT INTO Fall22_S001_6_Bus  ( B_id, Type, S_id) VALUES (21,'AC',21);
INSERT INTO Fall22_S001_6_Bus  ( B_id, Type, S_id) VALUES (23,'AC',23);
INSERT INTO Fall22_S001_6_Bus  ( B_id, Type, S_id) VALUES (24,'AC',24);
INSERT INTO Fall22_S001_6_Bus  ( B_id, Type, S_id) VALUES (25,'AC',26);
INSERT INTO Fall22_S001_6_Bus  ( B_id, Type, S_id) VALUES (26,'AC',27);
INSERT INTO Fall22_S001_6_Bus  ( B_id, Type, S_id) VALUES (27,'AC',28);
INSERT INTO Fall22_S001_6_Bus  ( B_id, Type, S_id) VALUES (28,'AC',29);
INSERT INTO Fall22_S001_6_Bus  ( B_id, Type, S_id) VALUES (29,'AC',30);
INSERT INTO Fall22_S001_6_Bus  ( B_id, Type, S_id) VALUES (30,'AC',31);
INSERT INTO Fall22_S001_6_Bus  ( B_id, Type, S_id) VALUES (31,'AC',32);
INSERT INTO Fall22_S001_6_Bus  ( B_id, Type, S_id) VALUES (32,'AC',33);
INSERT INTO Fall22_S001_6_Bus  ( B_id, Type, S_id) VALUES (33,'AC',34);
INSERT INTO Fall22_S001_6_Bus  ( B_id, Type, S_id) VALUES (34,'AC',35);
INSERT INTO Fall22_S001_6_Bus  ( B_id, Type, S_id) VALUES (35,'AC',37);
INSERT INTO Fall22_S001_6_Bus  ( B_id, Type, S_id) VALUES (36,'AC',38);
INSERT INTO Fall22_S001_6_Bus  ( B_id, Type, S_id) VALUES (37,'AC',39);
INSERT INTO Fall22_S001_6_Bus  ( B_id, Type, S_id) VALUES (38,'AC',40);
INSERT INTO Fall22_S001_6_Bus  ( B_id, Type, S_id) VALUES (39,'AC',41);
INSERT INTO Fall22_S001_6_Bus  ( B_id, Type, S_id) VALUES (40,'AC',42);
INSERT INTO Fall22_S001_6_Bus  ( B_id, Type, S_id) VALUES (41,'NON AC',43);
INSERT INTO Fall22_S001_6_Bus  ( B_id, Type, S_id) VALUES (42,'NON AC',44);
INSERT INTO Fall22_S001_6_Bus  ( B_id, Type, S_id) VALUES (43,'NON AC',45);
INSERT INTO Fall22_S001_6_Bus  ( B_id, Type, S_id) VALUES (44,'NON AC',46);
INSERT INTO Fall22_S001_6_Bus  ( B_id, Type, S_id) VALUES (45,'NON AC',47);
INSERT INTO Fall22_S001_6_Bus  ( B_id, Type, S_id) VALUES (46,'NON AC',48);
INSERT INTO Fall22_S001_6_Bus  ( B_id, Type, S_id) VALUES (47,'NON AC',49);
INSERT INTO Fall22_S001_6_Bus  ( B_id, Type, S_id) VALUES (48,'NON AC',50);
INSERT INTO Fall22_S001_6_Bus  ( B_id, Type, S_id) VALUES (49,'NON AC',51);
INSERT INTO Fall22_S001_6_Bus  ( B_id, Type, S_id) VALUES (50,'NON AC',52);
INSERT INTO Fall22_S001_6_Bus  ( B_id, Type, S_id) VALUES (51,'NON AC',53);
INSERT INTO Fall22_S001_6_Bus  ( B_id, Type, S_id) VALUES (52,'NON AC',54);
INSERT INTO Fall22_S001_6_Bus  ( B_id, Type, S_id) VALUES (53,'NON AC',55);
INSERT INTO Fall22_S001_6_Bus  ( B_id, Type, S_id) VALUES (54,'NON AC',56);
INSERT INTO Fall22_S001_6_Bus  ( B_id, Type, S_id) VALUES (55,'NON AC',57);
INSERT INTO Fall22_S001_6_Bus  ( B_id, Type, S_id) VALUES (56,'NON AC',59);
INSERT INTO Fall22_S001_6_Bus  ( B_id, Type, S_id) VALUES (57,'NON AC',60);
INSERT INTO Fall22_S001_6_Bus  ( B_id, Type, S_id) VALUES (58,'NON AC',61);
INSERT INTO Fall22_S001_6_Bus  ( B_id, Type, S_id) VALUES (59,'NON AC',62);
INSERT INTO Fall22_S001_6_Bus  ( B_id, Type, S_id) VALUES (60,'NON AC',63);
INSERT INTO Fall22_S001_6_Bus  ( B_id, Type, S_id) VALUES (61,'NON AC',64);
INSERT INTO Fall22_S001_6_Bus  ( B_id, Type, S_id) VALUES (62,'NON AC',65);
INSERT INTO Fall22_S001_6_Bus  ( B_id, Type, S_id) VALUES (63,'NON AC',66);
INSERT INTO Fall22_S001_6_Bus  ( B_id, Type, S_id) VALUES (64,'NON AC',67);
INSERT INTO Fall22_S001_6_Bus  ( B_id, Type, S_id) VALUES (65,'NON AC',68);
INSERT INTO Fall22_S001_6_Bus  ( B_id, Type, S_id) VALUES (66,'NON AC',69);
INSERT INTO Fall22_S001_6_Bus  ( B_id, Type, S_id) VALUES (67,'NON AC',70);
INSERT INTO Fall22_S001_6_Bus  ( B_id, Type, S_id) VALUES (68,'NON AC',71);
INSERT INTO Fall22_S001_6_Bus  ( B_id, Type, S_id) VALUES (69,'NON AC',72);
INSERT INTO Fall22_S001_6_Bus  ( B_id, Type, S_id) VALUES (70,'NON AC',73);
INSERT INTO Fall22_S001_6_Bus  ( B_id, Type, S_id) VALUES (71,'NON AC',74);